,0
V0000,8.935014014317808e-06
V0001,0.003897441753827082
V0002,0.004159495881799871
V0003,0.004272332077245439
V0004,0.004622021131812811
V0005,1.5205906768446541e-05
V0006,8.65189698649285e-05
V0007,0.0012549849170498616
V0008,0.00020119381411268908
V0009,7.736657053980384e-05
V0010,9.738909888381708e-05
V0011,0.000766579114505182
V0012,0.00032529774552962854
V0013,9.63457792337315e-05
V0014,1.783070630763662e-05
V0015,0.00010268427260226928
V0016,1.0678701361787051e-05
V0017,5.798508642007453e-05
V0018,1.2045145418104659e-05
V0025,1.7946280734634511e-06
V0026,6.368189975104521e-06
V0027,9.855978461250726e-06
V0028,0.00017318830716892296
V0029,0.00016484420653478004
V0030,0.000394987071422391
V0031,0.0001811453160430808
V0032,0.00026176700430821187
V0033,0.00032604173014297327
V0040,4.19995666025425e-06
V0041,3.959079734599834e-06
V0042,3.96129875958084e-06
V0043,1.1905762250248823e-05
V0044,9.523590922795429e-06
V0045,7.11924388507014e-06
V0046,0.0
V0047,2.334761340744681e-05
V0048,3.6687680766282623e-06
V0049,7.766249698834595e-06
V0050,0.0
V0053,0.00017743226917668104
V0054,9.537136507348475e-06
V0055,1.1342849913596287e-07
V0056,1.0338069085155755e-05
V0057,8.189864899410994e-06
V0058,6.466668375710723e-06
V0059,1.0268019969882743e-05
V0060,0.0
V0061,0.0001339545250059161
V0062,0.00011002697027398933
V0063,4.100197645092349e-06
V0064,2.3782082033257015e-05
V0065,9.991971624163499e-05
V0066,7.664516148900718e-06
V0067,8.51784180447476e-06
V0068,5.376861594010421e-06
V0069,7.504480317372747e-06
V0070,0.00010906101735906887
V0071,6.707117199315158e-06
V0072,0.00011215723699283445
V0073,1.261708082577143e-05
V0074,0.002075944493951029
V0075,0.00511117687462046
V0076,0.005764343342000886
V0077,0.0002624378307818415
V0078,0.0003452455312946839
V0079,0.00013841626946248345
V0080,0.00033770046219869096
V0081,0.00038658324117332623
V0082,0.0032909682308006854
V0083,0.0035974792906435
V0084,0.004605254045991427
V0085,0.0035322488764869173
V0086,0.0
V0087,5.187882282540767e-06
V0088,0.0
V0089,2.5260179870016546e-07
V0090,0.00390739065130854
V0091,0.0005126804266267624
V0092,0.0019850519072208027
V0093,0.005307209756961869
V0094,0.0006341877998479894
V0095,0.0025248312470541614
V0096,0.004451203865666717
V0097,0.0008142905115009887
V0098,0.0014692784843989709
V0099,0.0031256786596891074
V0100,0.0008919673444387388
V0101,0.0019423681837450588
V0102,0.003992496169577251
V0103,0.0001148014984309796
V0104,0.0002566665337010137
V0105,0.00023853539349413266
V0106,2.540881168486516e-07
V0107,2.975504955569062e-06
V0108,0.00021612327177619378
V0109,0.0003698540073116144
V0110,2.069917052629946e-06
V0111,0.00011441398082216856
V0112,0.00011927277495536078
V0113,8.679246788724755e-05
V0114,9.848498796144745e-05
V0115,0.0001281535258441147
V0116,0.0005778274872271713
V0117,0.0002217790393437625
V0118,0.0006046141722894843
V0119,0.0002055564989934508
V0120,0.0062675913834210565
V0121,0.004962948017175978
V0122,8.03013353431115e-05
V0123,5.432613176397307e-05
V0124,0.0001791885786962022
V0125,3.782016444406912e-05
V0126,0.00032528796119761613
V0127,2.8473512429330258e-05
V0128,0.00027585590024177173
V0129,0.00017710124813412638
V0130,0.00045475267765306344
V0131,0.00034764518078382947
V0132,3.19588578603533e-05
V0133,6.953328003696947e-06
V0134,0.0015029129035312476
V0135,0.00012584431237382528
V0136,0.005700427393853988
V0137,0.005493360958039531
V0138,0.0005779239782032351
V0139,0.0003232127954924064
V0140,7.737200890489217e-05
V0141,0.0004077443949264334
V0142,0.00018439266348838003
V0143,0.0006244861593766398
V0144,0.00028100715466390034
V0145,0.0002366605752747882
V0146,0.0003105636819990766
V0147,2.819753503370376e-05
V0148,4.5896583229335214e-06
V0149,7.740177451258833e-06
V0150,0.00132589557206088
V0151,0.00013125495703957725
V0152,1.1403812649255472e-05
V0153,3.1532100410236646e-05
V0154,6.490282332053569e-05
V0155,0.00041742877758351533
V0156,0.00032533087647701627
V0157,0.0004546991687435545
V0158,0.0006811423013700192
V0159,5.801431689334815e-06
V0160,3.4934714639812373e-06
V0161,0.0032051542667803517
V0162,1.9644633886587802e-05
V0163,0.0009359570169788162
V0164,0.0006749079960666052
V0165,0.0013070420169324787
V0166,0.000761350218533545
V0167,0.000677743282813677
V0168,3.081785012178586e-05
V0169,0.00045350572152387227
V0170,0.0025767601491541612
V0171,9.264324913444065e-06
V0172,0.00034869303868607406
V0173,0.00012233263673519477
V0174,5.105953499007705e-06
V0175,3.419380946964224e-06
V0176,0.0
V0177,2.165970306952915e-06
V0178,1.5024246262437562e-05
V0179,0.00046359120394796145
V0180,0.0001097576222636854
V0181,1.8649804568447768e-05
V0182,0.0001497404655261134
V0183,0.00023686407169685615
V0184,0.0001372478071246258
V0185,1.0257592682135066e-06
V0186,4.353430067038389e-06
V0187,2.4137037457090692e-05
V0188,1.3292840640510477e-05
V0189,0.0005714364116338351
V0190,0.0001268727863766921
V0191,4.216789929893567e-06
V0192,0.00041389960483662936
V0193,0.0001420178351828046
V0194,0.00012138921173359259
V0195,3.4156366504990456e-05
V0196,2.4316846168633553e-06
V0197,1.6109877019996283e-05
V0198,7.288482044748594e-06
V0199,0.0011532561433540054
V0200,2.099696921714322e-05
V0201,2.6394720105497182e-05
V0202,0.00047817683556862554
V0203,2.3317472575433586e-05
V0204,1.2643463203836638e-05
V0205,0.0002563902558623213
V0206,1.5576536305133015e-05
V0207,3.739825040532695e-05
V0208,1.7156995170003068e-05
V0209,1.8040674158386752e-05
V0210,1.2555419888642821e-05
V0211,0.0007563575834407491
V0212,0.0006020688445268299
V0213,0.0008998226167573603
V0214,0.000557919159426654
V0215,1.5474560210650636e-05
V0216,2.432784601774672e-05
V0217,1.4695764713681256e-05
V0218,3.6679526979793914e-05
V0219,0.0018074550733667523
V0220,0.0
V0225,0.0
V0226,0.0
V0229,0.0
V0230,0.0
V0233,0.0
V0234,0.0
V0235,8.850483070454357e-05
V0236,1.7957314043900854e-05
V0237,0.0
V0238,0.00015950177493267832
V0239,0.0007898713690140189
V0240,0.0004811193789294536
V0241,3.872588403403028e-05
V0242,0.0012691631688414697
V0244,0.0
V0245,0.0
V0295,0.0019617460797218514
V0297,0.002596564190669709
V0299,0.0019195642377702069
V0301,0.0008727984786392638
V0386,0.0027767780090673737
V0387,0.0
V0388,0.00017684501558837122
V0389,0.00023555471439683256
V0390,0.001575928301128801
V0391,0.004288807508847932
V0392,0.002531023166104281
V0393,1.5049710889289636e-06
V0394,3.255558123336554e-05
V0395,2.4062839810233908e-06
V0396,7.768612218670954e-06
V0397,6.823434478040776e-06
V0398,1.824794124874892e-07
V0399,9.617883988254844e-06
V0400,6.06600990140073e-06
V0401,0.0002850489364162921
V0402,1.0924578975190543e-06
V0403,4.421449883037173e-05
V0404,0.0005436440134392909
V0405,0.002515071025580815
V0406,0.003965538212478151
V0407,0.0017971657597836588
V0408,0.0001070479821498813
V0409,3.58071545402504e-05
V0410,3.1835261032076773e-06
V0411,0.00014296527324806504
V0412,5.523115568536301e-06
V0413,4.966061842295971e-06
V0414,1.782553682870347e-05
V0415,9.465133168338944e-06
V0416,0.0
V0417,0.0003935292800845086
V0418,0.0006449476254896778
V0419,0.0021608047577775734
V0420,0.003959211430649951
V0421,0.0019603391858392574
V0422,1.1994804512460754e-05
V0423,3.2173314625031125e-05
V0424,6.79087429272458e-06
V0425,6.330321423772983e-06
V0426,1.1896416580385067e-05
V0427,8.45909068497001e-06
V0428,9.284185273613223e-06
V0429,6.28008321308395e-05
V0430,5.416192896489555e-06
V0431,0.0003358639723636764
V0432,0.0018073129786002862
V0433,0.0022676137833935323
V0434,0.0015204572760577713
V0435,0.0
V0436,0.00014596264320950342
V0437,1.4494507112753029e-05
V0438,3.226772313074417e-05
V0439,1.0346310803210296e-06
V0440,5.1423606810268e-06
V0441,7.261727505668629e-06
V0442,8.192415876973188e-06
V0443,4.420881273468455e-06
V0444,8.4489182835279e-05
V0445,9.673818442312897e-05
V0446,0.0010707320451789567
V0447,0.0007483729108206737
V0448,0.0004934325949196568
V0449,0.0003545577911245501
V0450,0.0003337367708034351
V0451,0.0008066267224046996
V0452,0.00023275332928024412
V0453,0.00012885526281259025
V0454,0.0009204685225182637
V0455,0.0007798922367648111
V0456,0.00036130680696876057
V0457,0.0006208902526291437
V0458,0.005086940022054739
V0459,0.005659338029425552
V0460,0.006607151660570092
V0461,0.004985765440724123
V0462,0.0008262018648598313
V0463,0.0008760068736547402
V0464,0.00042950008179683306
V0465,0.0008268718050089915
V0466,0.0
V0467,0.0006621024917745151
V0469,0.0
V0470,0.0
V0471,0.0
V0472,0.0
V0475,6.610660156765394e-06
V0476,3.5110787955220834e-05
V0477,4.421477549310706e-06
V0478,1.160908473095396e-05
V0479,0.0008513710832223104
V0480,6.571929116238243e-06
V0481,2.0954243673729784e-05
V0482,1.755222216487159e-05
V0483,1.0947763371633597e-05
V0484,9.568057173172445e-07
V0485,2.5362340404612767e-05
V0486,1.0995717716694792e-05
V0487,1.7699890608953957e-06
V0488,9.698206088668481e-05
V0489,4.89945640860551e-06
V0490,5.912656113048728e-06
V0491,5.379631106713497e-06
V0492,7.97784031670805e-06
V0493,0.00013898541044933435
V0494,8.988225989735801e-06
V0495,0.0010755173688412759
V0496,6.186398933177215e-05
V0497,5.997317168139828e-05
V0498,0.00024382519531079732
V0499,0.00043801912430030935
V0500,4.935557358448393e-06
V0501,1.1148732363724446e-05
V0502,0.00010269124979897034
V0503,0.0
V0504,2.0128874631248436e-05
V0505,3.9220011777909954e-05
V0506,0.00013834690500237422
V0507,5.643319839453918e-06
V0508,7.818894380473907e-06
V0509,0.0
V0510,0.0
V0511,0.0
V0512,4.7863307585387886e-06
V0513,0.0001175801974994804
V0514,0.0
V0515,0.0
V0516,0.0006961941724495522
V0517,4.622239036572684e-05
V0518,0.0
V0519,0.00017876734365826648
V0520,0.0007391364453842282
V0521,0.0004820348164537234
V0523,9.507428639194523e-06
V0524,4.8922019291520814e-06
V0526,2.3191922403498645e-07
V0528,4.629510178346666e-06
V0531,6.238198605199784e-06
V0533,1.59950558399967e-05
V0534,1.1731338981842462e-06
V0535,1.3290512141220858e-06
V0536,6.979822969353774e-06
V0537,5.856850773475817e-06
V0538,2.5842603964045687e-05
V0539,7.0862396990584556e-06
V0540,2.9939415857318765e-06
V0541,3.220969818115354e-05
V0544,9.95835118109032e-05
V0546,0.0
V0547,0.0
V0548,0.0
V0549,2.460260978886164e-06
V0566,0.0
V0609,0.0001327178970760574
V0610,0.0
V0633,0.0
V0634,0.0
V0635,0.0
V0636,0.0
V0647,0.00010487913078608309
V0648,0.0
V0649,0.0
V0650,0.0
V0661,0.0
V0662,0.0
V0663,0.0
V0664,0.0
V0675,0.00012377734469051855
V0676,0.0
V0677,0.0
V0678,0.0
V0683,0.0
V0684,0.0
V0685,0.00010479524834143681
V0686,0.0
V0687,0.0
V0688,0.0
V0689,0.00010991309233073963
V0690,0.0
V0691,0.0
V0692,0.0
V0725,1.7817848621643462e-05
V0726,1.6838328747609725e-05
V0727,0.0
V0728,1.1726279628037028e-05
V0729,0.0006087279663946517
V0730,0.00031645349940127285
V0731,0.0
V0732,1.4355498134196697e-05
V0733,0.0
V0734,0.0
V0735,0.0
V0736,3.5725758960687894e-06
V0737,0.0
V0738,0.0
V0739,3.6866759800122632e-06
V0740,5.7216067030144655e-06
V0741,4.792612709210645e-06
V0742,4.920960208565696e-06
V0743,1.0327322196405595e-06
V0744,1.5839605112881977e-05
V0745,0.00014440736797384423
V0746,1.5833075516213075e-06
V0747,0.0006019339641262579
V0748,0.0001193841428771084
V0749,1.1465272516598785e-05
V0751,0.0008175996336068906
V0752,6.604393076917117e-05
V0753,0.00010224994201461363
V0754,0.0
V0755,0.0
V0756,0.00014339398334328545
V0757,1.2196430252188776e-05
V0758,0.0
V0759,0.0
V0760,0.0
V0761,9.740766098992973e-06
V0762,7.509550957732761e-07
V0763,6.372163224638679e-05
V0764,5.220728449955869e-06
V0765,7.740891092687337e-06
V0766,2.6610780814918663e-06
V0767,3.023030302766003e-06
V0768,2.752216054168716e-07
V0769,2.2890138246862406e-05
V0770,0.0
V0771,9.127821441930186e-06
V0772,9.301589768164794e-06
V0773,0.0
V0774,9.500322085244559e-06
V0775,1.1008672562356451e-05
V0776,2.0021803715506143e-07
V0777,4.6080576784785355e-06
V0778,1.4936363353120249e-06
V0779,1.574577335321165e-05
V0780,0.0
V0781,0.0
V0810,4.7122091522958944e-05
V0811,1.764195315780654e-05
V0812,1.3120776144585085e-07
V0813,0.0
V0814,1.3528308588057209e-05
V0815,6.02221639160985e-07
V0816,9.736873111551701e-08
V0817,0.0005591404791260563
V0818,0.0006016613350537699
V0823,4.017302323845008e-05
V0824,0.0001551813703987357
V0825,4.028573159231689e-05
V0826,3.367637777863727e-06
V0827,9.488184962656276e-05
V0828,1.4707920635758691e-05
V0829,9.053051385958324e-06
V0830,5.858294544976235e-07
V0831,3.905500619699608e-06
V0832,4.9424682214199195e-06
V0833,7.87085204686995e-06
V0834,2.1697459085356802e-05
V0835,2.112792635100893e-05
V0876,1.1896768548999479e-06
V0877,9.821812546863384e-06
V0878,3.761428458213339e-05
V0879,0.00015000786513582305
V0880,6.795836664173087e-06
V0881,8.733552291365635e-06
V0882,0.000979586478472597
V0883,0.0002762031297923442
V0884,3.4572895533260323e-06
V0885,0.00010097380907063155
V0886,0.0
V0887,1.5442727541867635e-05
V0888,0.0027463996783986494
V0889,0.00335065167093592
V0890,0.004236165226357903
V0891,0.004824136849456651
V0892,0.004113236590071303
V0893,4.01806608183933e-05
V0894,6.199742640154585e-06
V0895,8.676999764535608e-07
V0896,0.0
V0897,1.4445420294404955e-05
V0898,0.0
V0899,5.772207205981545e-07
V0900,0.00047911752256933263
V0901,0.00042623779871072185
V0902,5.8047823622855384e-05
V0903,8.12820258374543e-06
V0904,7.179074642680807e-05
V0905,0.00020610975504614196
V0906,1.2690902462629141e-05
V0907,0.000240750060409319
V0908,0.0
V0909,0.0001229307276403229
V0910,6.920568049164369e-06
V0911,0.0002638123944179966
V0912,0.0018560049214709033
V0913,0.002220987224519528
V0914,0.00021048165412644782
V0915,0.00013479187032172408
V0916,0.0
V0917,0.0
V0918,0.0
V0919,0.00043117643466771514
V0920,0.0
V0921,0.0002927483573520727
V0922,0.0003267669903254739
V0924,1.2438529066995494e-05
V0925,2.3456028908629772e-06
V0926,9.118687237045798e-06
V0927,0.000557759517154558
V0928,0.00012680204853202022
V0929,6.603181905288242e-05
V0930,5.412224271263162e-05
V0931,0.0007084188416046009
V0932,6.696876938123095e-06
V0933,1.8755957011042904e-05
V0934,3.7841773061643716e-06
V0935,2.63061262562211e-06
V0936,1.9692642606622242e-05
V0937,0.0
V0938,4.076195598666322e-06
V0939,1.1226918499784593e-05
V0940,1.6316769529086785e-05
V0941,5.345146065676374e-06
V0942,9.52889821667932e-06
V0943,5.0964145325693274e-05
V0944,9.805675572475019e-06
V0945,0.0014888634375948469
V0946,1.4003783740232284e-05
V0947,1.2920173461849407e-05
V0948,7.9390855278947e-06
V0949,0.0
V0950,0.0003771061401793291
V0954,0.0
V0956,0.0
V0964,0.0
V0965,5.850368377737409e-05
V0966,0.0
V0967,0.0
V0968,0.0
V0972,0.0
V0974,0.0002600067072431257
V0975,0.0
V0976,0.003313634791672319
V0977,0.002690849309074481
V0978,0.0
V0980,0.0
V0982,0.0
V0985,0.0
V0988,0.0
V0991,0.0
V0993,0.0001204166206650032
V0995,0.00021403615981920263
V0997,0.0
V1008,0.00010932837799516756
V1009,0.00011152741029006987
V1010,0.0
V1011,0.00014260275918655358
V1014,0.0
V1015,0.0
V1018,0.0
V1019,0.0
V1020,0.0
V1021,0.0
V1022,0.0
V1023,0.0
V1028,0.0
V1029,0.0
V1030,0.0
V1031,6.933283940407162e-05
V1032,0.0
V1033,0.0
V1034,0.0
V1035,0.00012095491983310824
V1036,0.0
V1037,8.087139880491302e-06
V1066,0.0
V1067,0.00011184700054943248
V1068,0.0
V1069,0.0
V1070,0.0
V1071,0.0
V1072,0.00010074678857019391
V1073,0.0
V1078,0.0027856075808356646
V1079,0.0006084547110142694
V1080,0.00013899367720944197
V1081,8.680918004204338e-05
V1082,0.0001703353445689894
V1083,0.00021773791398646246
V1084,5.704923658750665e-06
V1085,0.00010681627298607767
V1086,0.0003790212468041769
V1087,0.0001061426441401606
V1088,0.0011203089375516901
V1089,1.2180048621579094e-05
V1090,0.00014575447989564487
V1091,6.55036363533941e-07
V1092,7.2739273712507025e-06
V1093,1.999901577935948e-05
V1094,0.00046909616677774294
V1095,1.4814553270323557e-05
V1096,0.00010588173059711804
V1097,0.0
V1098,0.0
V1099,1.585363879967811e-05
V1100,7.543569003346472e-06
V1101,1.1375830124144719e-05
V1102,9.195454879722787e-05
V1103,1.997024578922029e-06
V1104,1.3682776544356923e-06
V1105,0.000288848631652813
V1106,0.0007411555342954175
V1107,1.8939470220347301e-06
V1108,6.7875213432913555e-06
V1109,1.559223721870129e-05
V1110,0.0
V1111,0.0
V1112,3.4184853807017527e-06
V1113,2.8172019536089486e-06
V1114,8.9162945716202e-06
V1115,1.6905293574272356e-06
V1116,6.286169683068585e-06
V1117,1.7019826137052083e-05
V1118,0.0
V1119,1.3612757256945242e-05
V1120,0.00031707725467042497
V1121,0.0029923898242637348
V1122,0.00047071376111734416
V1123,0.0007104149411674119
V1124,5.350440146689222e-05
V1125,8.204631272105246e-06
V1126,1.6468875930075426e-05
V1127,3.2501790351746807e-06
V1128,1.2766437909485556e-06
V1129,7.353477693899887e-06
V1133,2.4214384395525195e-05
V1134,3.820579477714512e-05
V1135,3.643524268154544e-07
V1136,1.0426839542281092e-05
V1137,3.3905293176129507e-05
V1142,9.397265647421272e-05
V1143,0.0
V1146,0.0
V1147,0.0
V1148,0.0
V1149,0.0
V1150,0.0
V1151,0.0
V1152,0.0
V1153,0.0
V1154,0.00011602361883499778
V1156,0.00011874069986750463
V1164,0.0
V1166,0.0
V1167,0.0
V1168,4.1431203131744685e-05
V1169,0.0
V1178,1.3153182898498775e-05
V1180,0.0
V1182,0.0
V1183,0.0
V1184,0.0
V1185,0.00011429847677046826
V1186,3.181271379586605e-05
V1187,1.6296736989700907e-05
V1188,1.38770987764543e-05
V1189,1.420650580058451e-05
V1190,1.031718403111676e-05
V1191,3.988692025903472e-06
V1192,0.000101746389775524
V1193,1.347369848069047e-06
V1194,3.4919059128057696e-06
V1195,3.963449699582577e-05
V1197,0.0006136456555949924
V1198,8.686476116019814e-06
V1199,0.00024281131152481918
V1200,2.6933530567403804e-06
V1201,0.0008470107089017089
V1202,0.0012659662974616036
V1203,0.0003071289626382489
V1204,0.0003735751309812591
V1205,0.003411755571140874
V1206,9.971863304648704e-05
V1207,0.0005421930241060843
V1208,0.00031716028657297746
V1209,0.00013891982118407147
V1210,3.948526683616352e-06
V1211,0.00012511049140017522
V1212,9.420180654992554e-06
V1213,0.00016395695178729095
V1214,0.0
V1215,0.00024418584807546175
V1216,9.600047218681874e-06
V1217,2.25181341390883e-06
V1218,1.82557572789555e-05
V1219,0.00014706527766479693
V1220,2.9498144541487778e-06
V1221,0.0005991224077628361
V1222,0.00041682474070310784
V1223,0.0005907163327577594
V1224,0.0003070685145887144
V1225,0.0005344885859087551
V1226,0.001025358748194412
V1227,0.0
V1228,0.00013317414894817254
V1229,5.251268169335587e-05
V1230,0.00013464988935028705
V1231,0.0002038580501816618
V1232,0.0004508107411073966
V1233,0.0002502141333294594
V1234,0.00034812622733201056
V1235,0.00016772324146355205
V1236,0.0
V1237,4.407028286193826e-05
V1238,1.6081481349595403e-05
V1239,0.004012218046578513
V1240,0.003002520766694002
V1241,0.0008620589308480736
V1242,7.010467803059882e-05
V1243,0.00048170894199933413
V1244,1.111455260530277e-05
V1245,0.000375417059692794
V1246,0.00022340401851653007
V1247,0.0005615909768787061
V1248,1.2239874751066581e-05
V1249,0.0001636430071518864
V1250,9.012054822757907e-05
V1251,2.25534823438025e-05
V1252,1.6130182094224414e-05
V1253,0.00024545279748886786
V1254,0.00013405905397984207
V1255,0.00012718445976103018
V1256,3.564207411710353e-06
V1257,1.8964218311107598e-05
V1258,0.00013795549049290323
V1259,6.44227088730846e-07
V1260,3.3935322531514124e-06
V1262,5.969393466378547e-06
V1263,2.2994295006409108e-07
V1264,0.0
V1266,1.064166529078347e-05
V1269,1.4535699836976899e-05
V1271,0.00043454904715026666
V1272,0.00012455175752543375
V1273,0.0005782769139953393
V1274,0.0
V1275,9.92296958485045e-05
V1276,1.5153364660485865e-05
V1298,0.0
V1299,0.0
V1300,0.0
V1301,0.0
V1306,6.846537111582499e-05
V1307,8.440889615967092e-05
V1308,0.0
V1309,0.0
V1310,0.00011319450882450225
V1311,0.0001014043831518722
V1312,0.0
V1313,0.0
V1315,0.0
V1316,2.880787580731136e-05
V1317,0.0
V1318,0.0
V1319,0.0
V1320,4.2345699799026055e-05
V1321,0.0
V1322,0.0
V1323,0.0
V1324,0.0
V1325,0.0
V1326,0.0
V1327,0.0
V1328,0.0
V1329,0.0
V1330,0.0
V1331,0.0
V1332,0.0008174863798416815
V1335,0.0
V1336,6.303689937471398e-05
V1339,0.0
V1340,0.0
V1341,0.0
V1342,0.00026403394247211364
V1343,0.0
V1344,0.00010363009955131337
V1345,0.0
V1346,0.0
V1347,0.0
V1348,0.0
V1349,0.0
V1350,0.0
V1369,0.0002216012957046529
V1370,0.00012366124688536792
V1371,0.0008517946310816118
V1372,0.0
V1373,0.0007290877165674739
V1374,0.00022766211151430937
V1375,0.00012650475737359935
V1376,0.0005367046318145292
V1377,0.00011477504215672234
V1378,0.0005532070922088376
V1379,0.0002172914080002173
V1380,0.0037574695467670147
V1381,0.000168388133703588
V1382,3.39492199747451e-06
V1383,4.964409659116653e-05
V1384,1.0701221692325687e-05
V1385,0.00011139989554120747
V1386,0.0
V1387,4.650114067508576e-07
V1388,3.086952348889712e-06
V1389,0.0001839180564625502
V1390,0.0005332128776022985
V1391,0.0004840825828975361
V1392,0.00032050224704123986
V1393,0.00024519062692165
V1394,0.0009215096687270296
V1395,0.000685872980114807
V1396,0.0006167602186970245
V1397,3.120631581012297e-06
V1398,1.2281058435373864e-06
V1399,2.1413690798924993e-06
V1400,6.338625861425331e-07
V1401,4.43917480147296e-07
V1402,5.845216010297293e-06
V1403,1.3762422140617952e-06
V1404,5.751808122625294e-06
V1405,2.3829212802222523e-06
V1406,6.566182403300246e-06
V1407,2.4907187922690335e-06
V1408,6.662483621796038e-06
V1409,2.7902698754925694e-06
V1410,2.6597236062964243e-06
V1411,7.852020313965276e-06
V1412,1.7680703514988643e-06
V1413,3.298761070311683e-05
V1414,6.7775912762442956e-06
V1415,9.012695199386683e-06
V1416,0.0
V1417,1.888644672545498e-05
V1418,2.740051755386856e-05
V1419,6.559954400547181e-05
V1420,1.3397258456713926e-05
V1429,0.002841371275638896
V1430,0.003242259485691803
V1431,0.003578011880467918
V1432,0.0034061492789419206
V1433,0.004177726924628238
V1434,9.852015790077242e-06
V1435,2.3394538092654514e-07
V1436,0.006018584387436564
V1437,0.005080569489009932
V1438,4.492681973807024e-06
V1439,1.1801124272218924e-05
V1440,9.896286900232705e-06
V1441,0.0
V1442,0.0006749675510347464
V1443,0.0011481064232017723
V1444,0.0
V1445,0.0
V1467,2.8200867141144513e-06
V1468,2.211661628101723e-06
V1469,5.329901432673199e-06
V1470,3.27081432166275e-06
V1471,7.935452743727372e-06
V1472,1.7114740117788825e-05
V1473,0.00018016009443132434
V1474,0.0004595595507634298
V1475,1.4214907804177294e-05
V1476,4.613632265461442e-06
V1481,0.000159879970476426
V1482,8.45793049725865e-05
V1483,1.1859439149162224e-06
V1484,2.3806153178481317e-06
V1485,0.0003177447215097358
V1486,1.0411277912341141e-07
V1487,0.00021135261319897032
V1488,0.0
V1489,0.00023634508637925938
V1490,6.66986848367437e-06
V1491,8.176796476840608e-06
V1492,0.0
V1493,0.000195515301324548
V1494,0.0
V1495,0.0
V1496,3.8018994510787815e-06
V1497,0.0
V1498,0.0
V1499,1.942922056808974e-05
V1501,0.0
V1502,0.0
V1503,0.0
V1504,0.0
V1529,0.0
V1530,4.7176564559564025e-06
V1531,0.0008904253569449539
V1532,4.6338194694502344e-05
V1533,7.518294316140119e-05
V1534,0.0002292543494512556
V1535,0.00030327502274666803
V1536,0.0004985100383041714
V1537,0.00031732974314608
V1538,0.0004907680574880656
V1539,0.000999266158449061
V1540,0.0002474409462659827
V1541,0.00018814498547803683
V1542,0.0003148547532581176
V1543,0.0005746725933201031
V1544,0.000816716357057922
V1545,0.0004938560478332073
V1546,0.0005289809230021664
V1547,0.0004901514907025035
V1548,0.0005477877215341739
V1549,0.0006383930893020171
V1550,0.000349429080099627
V1551,0.0
V1552,0.00031219469615562535
V1553,0.00011928337411828751
V1554,0.0
V1555,0.0
V1556,0.0
V1557,0.0
V1558,0.0
V1559,2.3112626735325304e-05
V1560,1.2101911915469386e-05
V1561,0.0
V1562,0.0
V1566,0.0
V1567,0.0
V1568,0.0002209006780096869
V1569,0.0
V1570,8.585099093220261e-05
V1571,0.0
V1572,0.0
V1573,0.0
V1574,0.0
V1575,0.0
V1576,0.0
V1577,0.0
V1578,0.0
V1579,0.00010531768940828931
V1580,0.0
V1581,0.0
V1582,8.790916689180436e-05
V1583,0.0
V1584,6.04654423644991e-05
V1585,2.271220201441027e-05
V1586,0.0
V1587,0.0
V1588,0.0
V1589,0.0
V1590,0.0
V1591,0.0
V1592,0.0
V1593,0.00021529780352445594
V1594,0.0
V1595,0.0
V1596,0.00021193621885885148
V1597,0.00011552428171152561
V1598,0.0
V1599,0.00010931262668038971
V1600,0.0
V1601,0.0
V1602,0.0
V1603,0.0
V1604,0.0
V1605,0.0
V1606,0.0001324454988997311
V1607,0.0
V1608,8.664525391718488e-05
V1609,0.0
V1610,2.9606334201285038e-05
V1611,0.0
V1612,0.0
V1613,0.0
V1614,0.0
V1615,1.1214420807904659e-05
V1616,0.0
V1617,0.0
V1618,0.0
V1619,0.00012984112587417903
V1620,0.0
V1621,0.0
V1622,0.00012072691748003136
V1623,0.0
V1624,0.0
V1625,0.0
V1626,0.0
V1627,9.520412152768693e-05
V1628,0.0
V1629,0.00023586195474549054
V1630,0.0
V1631,0.0
V1632,1.4063155390649934e-06
V1633,0.0
V1634,0.0
V1635,0.0
V1636,0.0
V1637,0.0
V1638,0.0
V1639,9.076129191192872e-05
V1640,0.0
V1641,0.00021928848631614373
V1642,0.0
V1643,0.0
V1644,0.00011502415051583897
V1645,5.693208319155055e-05
V1646,0.0
V1647,0.0
V1648,0.0
V1649,0.0
V1650,1.0197711242535864e-05
V1651,0.00011304818168175172
V1652,0.00012480781411517103
V1661,0.0
V1662,0.0
V1664,0.0
V1667,0.0
V1669,0.0
V1670,0.0
V1671,0.0
V1672,0.000328792359076537
V1673,8.665384435865554e-05
V1674,2.813893842362102e-05
V1675,0.0
V1676,0.0
V1677,0.0
V1679,0.0
V1680,0.0001050504762715001
V1681,0.0
V1682,9.734837194677297e-06
V1683,0.0
V1684,0.0
V1685,0.0
V1686,0.0
V1687,0.00015421829153245724
V1688,7.24105651020786e-05
V1689,0.00010811108181886267
V1690,0.0002957968733750822
V1691,8.71537118553367e-05
V1692,0.00027023655415150233
V1693,0.0
V1695,4.382981060759595e-06
V1696,0.0
V1697,0.0
V1698,0.0
V1699,0.0001804009496817527
V1700,9.551746638507308e-06
V1701,0.0
V1702,0.0
V1703,0.00010911522280871511
V1704,0.0
V1705,1.0093778519903991e-05
V1706,0.00010499426364434396
V1707,0.0001884566490082448
V1708,0.0
V1709,0.0
V1710,0.0
V1711,1.4227080810321552e-05
V1712,0.0001362925755126903
V1713,0.0
V1714,0.0
V1715,0.0
V1716,0.0001020300448938805
V1717,9.791347247428453e-05
V1718,0.0
V1719,3.543968580763943e-06
V1720,0.0007614944401002514
V1723,0.0009612626657443435
V1724,0.001088811968052134
V1725,0.0023651613904093574
V1726,0.0006243660175630154
V1728,0.0013492484978109716
V1730,0.0013236765021104218
V1732,0.0011402579380269205
V1734,0.0011346966928388392
V1735,0.0009613722731284776
V1736,0.0005180465803991902
V1737,0.002200325940665353
V1738,2.911100078804298e-06
V1739,0.00012863790379935022
V1741,0.0032726679749231847
V1742,0.0023530420606610123
V1743,0.002432438662284563
V1744,0.002132411063389646
V1745,0.003981823104486473
V1746,8.667408222503723e-05
V1747,0.00011455841921507843
V1748,8.37863253597324e-05
V1749,0.0004567593891398376
V1750,0.0025930622177989023
V1751,0.002144051715073632
V1756,0.0010633875935975264
V1757,0.001805315823590003
V1758,0.0017219508611827645
V1759,1.739519855266255e-06
V1760,0.0017614771699615986
V1761,0.0010540977323181921
V1762,0.0013659404099751744
V1763,0.0016473767063736474
V1764,0.00018684419225988285
V1765,0.002149026752602419
V1766,0.0015627055290189924
V1767,0.0017392102185927885
V1772,9.032007385465141e-05
V1773,1.255751559506916e-05
V1774,2.1461539749024684e-05
V1775,0.00021961920828380527
V1776,2.585278523134863e-05
V1777,0.0
V1778,0.0
V1779,0.0
V1780,0.0001113903564283051
V1783,9.796515332824032e-06
V1784,2.2481446462476056e-05
V1785,1.6874331910385747e-05
V1786,1.490915345140619e-05
V1787,6.982184722018879e-06
V1788,0.0002674884145308101
V1789,0.00010419978840822486
V1790,6.025848406496955e-06
V1791,6.968444664121872e-06
V1792,0.0
V1793,2.4072254736457923e-06
V1794,2.0210198861447083e-05
V1795,1.2423581566466825e-05
V1796,9.846899033762446e-06
V1797,3.936500467963287e-06
V1798,0.00029602869761496085
V1799,0.0006280055934679463
V1800,0.00011343247611347472
V1801,0.0004698484819480513
V1802,2.0196972405062627e-07
V1803,0.0004920344449412467
V1804,7.848323004228448e-07
V1805,0.00019915453717093607
V1806,0.0003704143181943302
V1807,4.5738383982593085e-05
V1808,0.00025059859501879356
V1809,0.00019885387126390288
V1810,0.0009423929443782664
V1811,9.202833834234827e-05
V1812,0.0005849411843523353
V1813,0.00012749475541853976
V1814,0.000524444220693382
V1815,6.0911987294390814e-05
V1816,0.005342065021655649
V1817,0.0025448075017992875
V1818,0.0005216018664007415
V1819,0.000972629957157129
V1820,0.001275269617554767
V1821,0.0006807736394607995
V1822,0.00030116460505344103
V1823,0.00011790810688702536
V1824,0.00035619078422942087
V1825,0.00014472218025444092
V1826,0.0001110482911280784
V1828,0.0
V1831,0.0
V1832,0.0
V1833,0.0
V1834,0.0
V1835,0.0
V1836,0.0
V1837,0.00010760116722253843
V1838,2.015034103128529e-06
V1839,9.808859140465435e-06
V1840,2.5064317782687908e-06
V1841,1.0418381971397248e-05
V1842,7.616051648361186e-06
V1843,2.2116729539515946e-05
V1844,8.45240229859831e-06
V1845,0.0008066466171532116
V1846,0.000999839658348429
V1847,0.0007078768720189778
V1848,0.0013951751230740993
V1849,0.0020369756708781567
V1850,0.0003854711128833887
V1851,0.00131290091272977
V1852,0.00045700035946465953
V1853,0.0014426223155675922
V1854,0.0007764817937256499
V1855,0.0008367929717051505
V1856,0.0008999138353695361
V1857,0.0013528370898837128
V1858,0.0013052975388552458
V1859,0.0011847098922819568
V1860,0.0011742438888166782
V1861,0.0016945386396834197
V1862,0.0005761209597990222
V1863,0.0010784484905976928
V1864,0.0011936007760087678
V1865,0.0010868335445752353
V1866,0.0005549832595938834
V1867,0.0006275109713315391
V1868,0.0009020546581422623
V1893,0.0
V1894,0.0
V1895,0.0
V1896,7.978664968913943e-06
V1897,3.141926766500851e-05
V1898,0.0
V1899,0.0
V1900,0.00011716872052377518
V1901,0.0
V1902,0.0
V1903,0.0
V1904,0.0
V1905,0.0
V1906,0.0
V1907,0.0
V1908,0.0
V1909,0.0
V1910,0.0
V1911,0.0
V1912,0.0
V1913,0.0
V1914,7.912457713842208e-05
V1915,0.0
V1916,0.0
V1917,0.0
V1918,0.0
V1919,0.0
V1920,0.0
V1921,0.0
V1922,0.0
V1923,0.0
V1924,9.05768835725565e-05
V1925,0.0
V1926,0.0
V1927,8.187827279158884e-05
V1928,0.000127168492890011
V1929,0.0
V1930,0.0
V1931,3.190486118708478e-05
V1932,0.00012730031801001093
V1933,0.0
V1934,0.0
V1935,0.0
V1936,0.0
V1937,0.0
V1938,0.000252123773498582
V1939,0.0
V1940,0.0
V1941,0.0
V1942,8.51223880299755e-05
V1975,0.0
V1976,0.0
V1977,0.0
V1978,0.0
V1983,0.0
V1984,0.0
V1985,0.0
V1986,0.0
V1987,0.0
V1988,0.0
V1989,0.0
V1990,0.0
V1991,0.0
V1992,0.0
V1993,0.0
V1994,0.0
V1995,0.0
V1996,0.0
V1997,0.0
V1998,0.0
V1999,0.0
V2000,0.0
V2001,0.0
V2002,0.0
V2003,0.0
V2004,0.0
V2005,0.0
V2006,0.0
V2019,0.0
V2020,0.0
V2021,0.0
V2022,0.0
V2023,0.0
V2024,0.0
V2025,0.0
V2026,0.0
V2039,3.464797939517138e-06
V2040,0.0
V2041,0.0001269479067037728
V2042,0.00010224349738253866
V2043,4.5086482312183546e-06
V2044,2.2700663068297334e-05
V2045,5.763294534409012e-07
V2046,1.0103486540138559e-05
V2047,0.0003245319731267776
V2048,5.2537020302650274e-06
V2049,1.925584397753281e-06
V2050,3.4469883282629773e-06
V2051,1.090371094859869e-05
V2052,1.0521350153975932e-05
V2053,5.762980433009447e-06
V2054,1.4014069732445194e-05
V2055,7.031783851186906e-07
V2056,2.96112475235858e-05
V2057,6.265531079839573e-06
V2058,2.6493406945760046e-06
V2059,9.511363053130297e-05
V2060,6.070594099153261e-06
V2061,0.00036741920882210724
V2062,1.4592169019343752e-05
V2063,0.00012016664264140223
V2064,1.146996979117999e-06
V2065,2.3435670308470668e-05
V2066,0.00029704134707312486
V2067,9.823416081718334e-05
V2068,0.00012947939220383682
V2069,0.0009862225396301794
V2070,0.0006501357355948851
V2071,0.000917816020106017
V2072,0.0007059099279371769
V2073,0.00019263739085066035
V2074,0.00014253106073937706
V2075,0.0002505404422062016
V2076,0.00020573373065235222
V2077,0.0002907566269429024
V2078,0.001369643072472805
V2079,0.0005910329026509665
V2080,0.00027408762367360246
V2081,0.0007076042214375314
V2082,0.00042448967907150395
V2083,0.0001266848042551592
V2084,0.00010185476191277882
V2085,0.0
V2086,0.0
V2087,0.00010624337173477501
V2088,0.0
V2089,0.00014811225291506811
V2090,0.0
V2091,0.0
V2092,0.0
V2094,0.0
V2096,0.0
V2097,0.0
V2098,0.0
V2099,0.0
V2100,0.0
V2101,0.0
V2102,0.0
V2103,0.00011086477080262685
V2104,0.00018823265609059942
V2105,0.0
V2106,0.0
V2107,0.0
V2108,0.0
V2109,0.0
V2110,0.0
V2111,0.0
V2112,0.0
V2113,0.0
V2114,0.0
V2115,0.0
V2116,0.0
V2117,2.7918239018102525e-06
V2118,4.398325750448067e-05
V2119,0.0
V2120,0.0
V2121,0.0
V2122,0.0
V2123,0.0
V2124,0.0
V2125,0.0
V2126,0.0
V2127,0.0
V2128,0.0
V2130,0.0
V2132,0.0
V2133,0.0
V2134,0.0
V2135,0.0
V2136,0.0
V2138,0.0
V2140,0.0
V2141,0.0
V2142,0.0
V2143,0.0
V2144,0.0
V2146,0.0
V2148,0.0
V2149,0.0
V2150,0.0
V2151,0.0
V2152,0.0
V2154,0.0
V2156,0.0
V2157,0.0027406810223460174
V2158,0.0
V2159,0.0026195139054917918
V2160,0.0
V2161,0.0015164651850467152
V2162,0.0019355230490020955
V2163,0.0013492926459637475
V2164,0.0027771911118631165
V2165,0.0026096507796342762
V2166,0.0028815334395711845
V2167,0.001548834237128844
V2168,0.0003149320241374633
V2169,0.00014270976624086287
V2170,0.00019836170867906325
V2171,0.00010254005686597404
V2172,0.0005553723417156633
V2173,0.00042850929421109075
V2174,0.0003700467510547454
V2176,0.0006093950716027834
V2178,0.000633888982236616
V2180,0.00030662498657170635
V2181,0.00019117383160960447
V2182,0.0003612680097868033
V2183,0.002067553872691387
V2184,0.0004021122269965056
V2185,0.000374553009370602
V2186,0.0008758200382582801
V2188,0.0013540058624885187
V2190,0.0012713295895176368
V2192,2.3794174986840483e-06
V2193,6.190862794499696e-06
V2194,2.3618891445843284e-06
V2195,0.0
V2196,2.4846256461276243e-05
V2197,0.00015816033327191835
V2198,2.192592095628518e-06
V2199,4.171419741533689e-05
V2200,5.303318943549657e-06
V2201,1.71078934537731e-05
V2202,1.4607818007681203e-05
V2203,0.0009196940231780337
V2204,0.00017553960000727894
V2205,0.0002479890899170998
V2206,1.7689027018227116e-05
V2207,8.549343973234952e-05
V2208,0.002847121564901818
V2209,0.0033038987231719962
V2210,0.00296205680237157
V2211,0.003260487470296047
V2212,0.00523956301962204
V2213,0.004959520790712251
V2214,0.001817249269486485
V2215,0.001365500098579314
V2216,0.0021886296668320255
V2217,1.2922031725538808e-05
V2218,8.374483991225722e-06
V2219,5.922918489867085e-06
V2220,7.812145259790369e-06
V2221,0.000589292099822028
V2222,4.468668277655186e-07
V2223,9.783938769493878e-06
V2224,0.00010920578190248828
V2225,6.409323964399425e-07
V2226,1.5635183441760444e-05
V2227,8.720069583371562e-06
V2228,1.2624131760324312e-05
V2229,1.2500289161348322e-05
V2230,1.3185114670021464e-05
V2231,7.672513668870621e-06
V2232,2.5688982254484e-05
V2233,1.6181924898910114e-05
V2234,1.499301216594763e-05
V2235,1.5124963931030537e-06
V2236,0.0003837388428152237
V2237,0.00019022190019445757
V2238,0.00018469498926801527
V2239,0.000189536777969575
V2240,6.36781919840712e-05
V2241,0.0002551713478649651
V2242,1.9651578334362722e-05
V2243,1.174660281724199e-06
V2244,0.0
V2245,5.775516907963085e-05
V2246,0.0005619489992420125
V2247,0.0003248008843523531
V2248,0.00040164559308162375
V2249,0.0006154854378691984
V2250,0.0006792939746537299
V2251,0.0006092082648645328
V2252,2.4762179174132783e-05
V2253,0.0001430539624252816
V2254,2.42385209746946e-05
V2255,0.0009408081494726363
V2256,0.0005575711349109295
V2257,0.00029688280404119847
V2258,0.0005053098789182506
V2259,0.00023876356202317156
V2260,0.0005628500630446026
V2261,0.0005831848412774012
V2262,0.00028517556854097697
V2263,0.00033381591227856183
V2264,0.00012770300728736394
V2265,0.00010814781158448562
V2266,0.00014308595583953026
V2267,4.8764105301338886e-05
V2268,5.4519495183770796e-05
V2269,4.0054285470778675e-05
V2270,0.0001436015478202769
V2271,1.9070684372156004e-05
V2272,1.0404614890664165e-05
V2273,1.3763554374705145e-05
V2274,1.348179485157669e-05
V2275,0.0005540675714378001
V2276,0.000179654714612702
V2277,0.0002775432603128428
V2278,0.0004958942283220487
V2279,0.0002386852438713849
V2280,0.00035401603010530114
V2281,0.0006809419368243591
V2282,0.0004074405558902975
V2283,0.0006542339998738327
V2284,0.0
V2285,0.00010646642428552332
V2286,0.00012290662251470276
V2287,0.0
V2288,0.0
V2289,0.0
V2290,2.556015748962641e-05
V2291,0.0
V2292,0.0
V2293,0.0
V2294,0.0
V2295,0.0
V2296,0.0
V2297,0.0
V2298,3.3895267599425593e-06
V2299,0.0
V2300,0.0
V2301,0.0
V2302,0.0
V2303,0.0
V2304,0.0
V2305,0.0
V2306,0.0
V2307,1.0740661246898798e-05
V2308,0.0
V2309,0.0
V2310,0.0
V2311,0.0
V2312,0.0
V2313,0.0
V2314,0.0
V2315,0.0
V2316,0.0
V2317,0.0
V2318,0.0
V2319,0.00021773327225717943
V2320,0.0
V2321,0.0
V2322,0.0
V2323,0.0
V2324,0.0
V2325,0.0
V2326,0.0
V2327,0.0
V2328,0.0
V2329,0.0
V2330,3.0007810608207256e-05
V2331,0.0
V2332,8.331267877503224e-06
V2333,4.471662471878582e-05
V2334,0.0
V2335,0.0
V2336,9.88717308396579e-05
V2337,0.0
V2338,0.0
V2339,0.0
V2344,0.00029120620100019415
V2345,3.2069968458303055e-05
V2346,0.0
V2347,0.00014109941669510895
V2348,0.0
V2349,0.00032836572279426536
V2350,0.0
V2351,5.058771321946524e-05
V2352,0.00011516608496327342
V2353,9.587007805606317e-05
V2354,0.00027335607981542054
V2355,0.0001270928067300279
V2356,0.0001775522238637042
V2357,0.00013845699330419987
V2358,0.00011008139862781571
V2359,0.0002461884935486968
V2360,4.665611378652845e-05
V2361,0.0
V2364,0.0
V2365,0.0
V2366,0.0
V2367,0.0
V2368,0.0001365202301983502
V2369,1.447385815236498e-05
V2370,0.00010276022268274728
V2371,9.740741941092176e-05
V2372,0.0
V2373,0.0
V2374,0.0
V2375,0.0
V2376,5.732899715564017e-06
V2377,3.3299124010281012e-06
V2378,9.740725384744167e-06
V2379,1.176415207553003e-05
V2380,1.771774052380047e-06
V2381,0.0
V2382,0.0005869675711061636
V2383,4.710106088903106e-06
V2384,1.1621830901054269e-05
V2385,5.350811533288197e-06
V2386,9.010639388667133e-07
V2387,1.5179916123560718e-05
V2388,2.727684992158118e-06
V2389,2.7325558683191217e-06
V2390,3.331567064745729e-06
V2391,1.4241339166093068e-05
V2392,5.059075633412393e-06
V2393,6.618744338762888e-06
V2394,4.332945642128576e-05
V2395,1.1498350411937245e-05
V2396,0.00011970103464131739
V2397,8.671656798744929e-06
V2398,3.821594130844711e-05
V2399,4.506822528828709e-05
V2400,0.00010724275784695545
V2422,1.539157172534559e-05
V2423,6.045520763948156e-06
V2424,0.0002434059226870784
V2425,1.1156260607208508e-05
V2426,0.00024225164056754258
V2427,5.683427262094457e-06
V2428,1.0928530626994185e-05
V2429,6.640345990497989e-06
V2430,3.33059721450967e-06
V2431,0.0006340522625223247
V2432,0.0012506128295213903
V2433,0.0
V2434,6.010738956766931e-06
V2435,6.414409202774797e-06
V2436,0.0005086594643529932
V2437,0.0006926341077472334
V2438,0.0010367858523304381
V2439,0.0002840089877056809
V2440,0.00013034391472244256
V2441,0.00014337547015630948
V2442,4.4144322828909285e-05
V2443,2.7879656473637043e-05
V2444,0.00013965538904498503
V2445,0.00020147173558599513
V2446,8.030313595616183e-06
V2447,6.610890939151275e-05
V2448,0.0002144318822859309
V2449,0.0003817712130006428
V2450,0.0006502174641992333
V2451,0.0005162115007688295
V2452,0.0006194539426978946
V2453,0.0006908005028941138
V2454,0.00020502189525284042
V2455,0.00029406676640914833
V2456,0.0008009909746007775
V2457,0.0002524027383023526
V2458,0.0006263812819342902
V2459,0.00047627947572162916
V2460,0.0
V2462,0.0
V2463,0.0
V2464,0.0
V2465,0.00011514134789071526
V2472,0.0
V2474,0.0
V2475,0.0
V2476,0.0
V2478,0.0
V2479,0.0
V2480,0.0
V2481,0.0
V2488,0.0
V2490,0.0
V2491,0.0
V2492,0.0
V2494,0.0
V2495,7.172670382708847e-05
V2496,0.0
V2497,0.0
V2504,0.0
V2506,0.0
V2507,0.0
V2514,0.0
V2515,0.0
V2516,0.0
V2517,0.0
V2518,0.0
V2519,0.0
V2520,0.0
V2521,0.0
V2522,0.0
V2523,0.0
V2524,0.0
V2525,0.0
V2526,0.0
V2527,0.0
V2528,0.0
V2529,0.0
V2530,0.0
V2531,0.0
V2532,1.4973598070530487e-06
V2533,7.456581928162305e-06
V2534,1.2239915149879101e-05
V2535,1.3325745373634083e-05
V2536,1.0787505544350796e-05
V2537,5.084638574189756e-06
V2538,0.00012630633559072371
V2539,1.721780870224411e-05
V2540,3.273839702956301e-06
V2541,0.0001286892657064081
V2546,1.80736482755846e-05
V2547,6.150964843933468e-06
V2548,1.163161045284356e-06
V2549,1.5831090813865056e-05
V2550,0.00016098166344272844
V2551,6.928540825850328e-05
V2552,1.0088279100764875e-05
V2553,1.012657014586499e-06
V2554,1.4062367196460467e-05
V2555,2.8681270721157154e-06
V2556,5.698216890976742e-07
V2557,3.943229674175902e-06
V2558,7.740817396223133e-06
V2559,1.1615030468375993e-05
V2560,5.012674177664778e-06
V2561,1.2860799943568013e-05
V2562,1.056620764317961e-07
V2563,3.6635248046219843e-06
V2564,2.087030404218237e-06
V2565,2.0312958690054095e-05
V2566,0.0
V2567,6.336986232945059e-06
V2568,0.0
V2569,6.9227834908661616e-06
V2570,0.0
V2571,5.887493566157153e-05
V2574,0.0
V2576,0.0
V2578,0.0
V2579,0.0
V2580,3.5559120521262054e-05
V2581,0.0
V2582,0.00012410226101928468
V2583,0.0
V2584,0.0007899259692766799
V2585,0.0008050266312215647
V2586,0.0009474756269541511
V2587,0.00047281264991228303
V2588,2.310993167994808e-05
V2589,2.717480444401539e-05
V2590,9.850630917639313e-05
V2591,0.0006760861868961185
V2592,0.0002212094112687052
V2593,4.3307126603239855e-06
V2594,5.904285807900012e-06
V2595,6.1883172947910915e-06
V2596,8.612102594458662e-05
V2597,0.00011085047726688763
V2598,3.428308385539728e-06
V2599,4.071773784265672e-05
V2600,0.00012939135333431224
V2601,1.1597291796997415e-06
V2602,1.6943509954589593e-05
V2603,2.86455768405171e-06
V2604,1.088746699371236e-05
V2605,2.678104115064692e-07
V2606,0.0008531668496762431
V2607,0.0007491492477414339
V2608,0.00032705054234844833
V2609,0.0002981755625595255
V2610,0.0004303799635249699
V2611,6.702857415119977e-06
V2612,0.0007928680659963568
V2613,0.00012703158210025723
V2614,0.00018836782307331512
V2615,4.5776992907189895e-06
V2616,0.00024336051379352913
V2617,0.00023041068453711946
V2618,3.486242015884406e-05
V2619,6.90707187537945e-05
V2620,2.8190105862713367e-05
V2621,9.751155077421665e-05
V2622,3.220373152840354e-06
V2623,2.3614412706428153e-05
V2624,1.1361576768021525e-05
V2625,8.390346352813413e-06
V2626,1.7086545236659745e-05
V2627,7.589257667989121e-06
V2628,3.3422662979612886e-06
V2629,9.586193825562189e-06
V2630,9.371246223394112e-05
V2631,0.0006361389044986633
V2632,0.0003900558526362234
V2633,0.0003135629278870639
V2634,0.000415386734876735
V2635,0.00037966300638019935
V2636,0.00010262194792893362
V2637,0.0003625906569436838
V2638,0.00038762186749690346
V2639,0.0006803604178512165
V2640,1.0804318741237355e-05
V2641,0.00010545129249867866
V2642,0.00037207156758727375
V2643,0.00033227857096166427
V2644,0.000501243408808202
V2645,0.0002857888382759985
V2646,0.00034121972897350247
V2647,0.0005009767687996722
V2648,0.0002947096137910472
V2649,0.0004087764949863156
V2650,0.00018208268044641278
V2651,8.489139511072734e-05
V2652,0.00044709921317226045
V2653,0.0007418058679432731
V2654,0.00022378538766747194
V2655,0.0008462220632691075
V2656,0.0003964465446135624
V2657,0.0002689679731902922
V2658,0.00029428733131617026
V2659,0.00030618128785531
V2660,1.1290124475359301e-05
V2661,2.915203824564388e-06
V2662,9.670722979655847e-06
V2663,1.6582715883790815e-06
V2664,1.6901392701100086e-05
V2665,2.2462988619813542e-05
V2666,7.43809593654572e-06
V2667,0.00013131061999722767
V2668,9.928972078017153e-06
V2669,4.4833253923926156e-06
V2670,4.608562519512683e-06
V2671,5.950261270622715e-06
V2672,2.2315417184290578e-05
V2673,4.935122903016776e-06
V2674,0.0
V2675,0.00011810866942486999
V2676,4.396848573062169e-06
V2677,1.1266195683218448e-05
V2678,1.578972024285098e-05
V2679,0.0003842626437806175
V2680,6.445302188054541e-06
V2684,0.0
V2685,0.0
V2687,0.0
V2688,0.0
V2689,0.00014773858549045068
V2690,0.0
V2691,0.0
V2692,0.0
V2693,0.0
V2717,0.0
V2718,0.0
V2719,0.00010922976594727785
V2720,0.0
V2727,0.0
V2729,0.0
V2745,0.0001410658746776966
V2747,0.0
V2748,0.0
V2753,0.0
V2754,0.0
V2755,0.00010781994170530666
V2756,0.0
V2757,0.0
V2758,0.0
V2763,0.0
V2764,0.0
V2765,0.0
V2766,0.0
V2767,0.0
V2768,0.0
V2775,8.678099943133326e-05
V2776,0.00020931476967028947
V2777,2.1395940941502795e-06
V2778,7.038600885152196e-06
V2779,7.210042742682847e-05
V2780,1.771188601432601e-05
V2781,0.0010498813912634066
V2782,8.563905832997833e-06
V2783,2.027377111170392e-05
V2784,1.3001519824481989e-05
V2785,0.00032011253343794806
V2786,1.2422486981737312e-05
V2787,3.159857117008335e-05
V2788,6.444949983073605e-05
V2789,0.000167264050107688
V2790,0.00014612062978806373
V2791,0.00011871710274266874
V2792,1.544445072905376e-05
V2793,8.057682743696827e-06
V2794,7.309770134414421e-06
V2795,3.1140757156749515e-06
V2796,3.873296265496636e-06
V2797,2.456587144169997e-05
V2798,6.311141478787596e-06
V2801,0.0007694733289654198
V2802,9.510728226075327e-06
V2803,1.742611825062799e-07
V2804,1.0850537212780633e-05
V2805,4.450206416034133e-06
V2806,1.0678667299153141e-05
V2807,6.158077814567384e-06
V2810,0.0007366748264824954
V2811,0.0
V2812,1.122133530943659e-05
V2813,9.406582174028904e-06
V2814,4.7648778950166805e-06
V2815,2.6909253742900887e-06
V2816,8.611858085415605e-06
V2819,0.0
V2820,0.0007571999841553907
V2821,0.0
V2822,0.0
V2823,0.0
V2824,0.0
V2825,3.188457484350906e-06
V2826,1.1033584116080013e-05
V2827,0.00024593736369302985
V2828,0.00032463374753126313
V2829,1.6072237483658272e-05
V2830,2.6657473262993135e-05
V2831,1.1743703659801034e-06
V2832,0.0
V2833,0.0
V2834,0.0
V2835,0.00021018293200178757
V2836,4.847727787746096e-05
V2837,2.7970892404601308e-05
V2838,9.229363114209759e-05
V2839,3.1983983965991695e-05
V2841,0.00024613073837635605
V2849,0.0004907686024830429
V2850,5.100674956945997e-05
V2851,0.00010541030936978453
V2852,2.5167152205750395e-05
V2853,0.0010955558847931311
V2854,0.0008782642998467166
V2855,0.0005238407477946938
V2856,0.00030223897448155163
V2857,0.0003403988603224854
V2858,0.0001465775349096483
V2859,0.0030783703461708172
V2860,0.005244797555023187
V2861,0.0007434528261410664
V2862,0.0001547130340177551
V2863,0.001275307476009553
V2864,0.001151162561517516
V2865,1.9866380342739724e-05
V2866,2.9032752498898857e-06
V2867,0.0
V2868,0.00010755941492670246
V2869,0.00026771135454175225
V2870,0.0002362288130194625
V2871,0.00028786156708016173
V2872,0.0006834122355759977
V2873,0.0001311090102618848
V2874,0.00041287228494378623
V2875,0.0
V2876,0.0
V2877,0.00024161096851185615
V2878,0.00014935609445967322
V2879,5.4697318727327275e-05
V2881,0.00018848923375118645
V2882,0.004274803688545904
V2883,4.0687556666709776e-05
V2884,0.00010024595521276274
V2885,6.40643973236765e-05
V2886,3.85367829243978e-05
V2887,5.5775532017611586e-05
V2888,4.866252831908789e-05
V2889,2.4627840644544464e-05
V2890,2.9037489069396733e-05
V2891,9.904208286953547e-05
V2892,0.00018878895479581417
V2893,7.424718083321184e-05
V2896,2.9157358096276453e-05
V2899,0.003354845953382116
V2900,2.716915200714839e-05
V2901,9.894696145296841e-06
V2902,0.00026345401605970797
V2903,5.386065049175156e-05
V2904,1.7317520334062178e-06
V2905,2.1839042450956794e-05
V2906,1.9813021615826325e-05
V2907,0.0001413951358035598
V2908,7.238405531725693e-06
V2909,0.00013797243268427785
V2910,9.382292714151509e-05
V2911,9.356008569014243e-05
V2912,0.00012560403629559617
V2913,5.4325690031201136e-05
V2918,7.100340549046061e-06
V2919,0.00019231464294885476
V2920,6.41528189253199e-05
V2921,0.00016640621982080015
V2922,0.0004507716868651373
V2923,0.0006254320386174728
V2924,0.0005949587056300765
V2925,0.0002007765093935212
V2926,0.00016056159067874578
V2927,0.00024247439643898264
V2928,0.0005985009615898772
V2929,0.00015235682565003055
V2930,0.00022049806658960247
V2931,0.00030644698209260384
V2932,0.00012020848833102098
V2933,0.00011383790158860286
V2934,0.00014614005239232833
V2935,0.0003363570582200915
V2936,0.00024393828785661349
V2937,0.00019156126581417184
V2938,5.12558873663141e-05
V2939,8.690823292422016e-05
V2940,0.00017682591157316054
V2941,0.00017485373806653913
V2942,0.00028004750851227397
V2943,0.00021151094310254548
V2944,0.00024344933867299912
V2945,0.0002695458412735916
V2946,4.6923229449793907e-05
V2947,0.0002714440678651389
V2948,0.002659528009420417
V2949,3.835594439029947e-05
V2950,1.7355773270080176e-05
V2951,4.140502735338946e-05
V2952,9.28569002778819e-05
V2953,1.9531037186572313e-05
V2954,3.986367096763791e-05
V2955,7.16201128089974e-05
V2956,9.276757820296864e-06
V2957,0.001745698082617724
V2958,0.002518371404539451
V2959,0.0020191114046939204
V2960,0.002415712042558382
V2961,0.0009987076143415543
V2962,0.0011231536639635723
V2963,1.7800646448740796e-05
V2964,4.095333160012605e-05
V2965,3.0375608311508668e-05
V2966,0.004767259936454453
V2967,0.0054862693494706965
V2968,0.00021151909571789492
V2969,0.0006296996246030589
V2970,0.0002781742992165278
V2971,0.00018518867445208387
V2972,0.0002984006478318351
V2973,0.00031296421331167415
V2974,0.000581708060665089
V2975,0.0002625163967934428
V2976,0.0004945857576920398
V2977,0.0004412593356654566
V2978,0.00022991785243313
V2979,0.0004200087056938769
V2980,0.00032066819316216966
V2981,0.0003784302904692009
V2982,0.0008526409249529761
V2983,0.0006464128476741924
V2984,0.00045587323490397505
V2985,0.0005548181353298647
V2986,0.000530625186474429
V2987,0.0004307168824403907
V2988,0.00025151505655182806
V2989,0.0007810208630688588
V2990,0.0002274408042189982
V2991,0.0005563087517769881
V2992,0.0001644565992160692
V2993,6.337160719719331e-05
V2994,0.000673180209683281
V2995,0.0009063948747432319
V2996,0.0006541573561225112
V2997,0.00045930389092871653
V2998,0.0008146317357389609
V2999,0.0003686223414268544
V3000,0.00045445341086879163
V3001,0.000412004577871352
V3002,0.0005421682156641454
V3003,0.0002320347687250176
V3004,0.00043508605564748955
V3005,0.0007093363400713709
V3006,0.0005963690671822872
V3007,0.0006069540006763557
V3008,0.00047369602556616107
V3009,0.00045709703279162505
V3010,0.00027769852805382993
V3011,0.00021764917031122133
V3012,0.00048389743371343155
V3013,0.00014901162826589352
V3014,0.0003304199311285122
V3015,0.000533874501819158
V3016,0.00041366201776460074
V3017,0.00036570529638765153
V3018,0.00015827016266723522
V3019,0.0006303851461921436
V3020,0.00011961029734282445
V3021,0.0003709601427813982
V3022,0.00044757449794766905
V3023,0.0003678596375175921
V3024,0.000384810686442749
V3025,0.0003277374540690441
V3026,0.0004168594629233886
V3027,0.00038545703806577554
V3028,0.0005702938190393965
V3029,0.0006854227361724459
V3030,0.00022324557324017013
V3031,0.00035838624776989974
V3032,0.00046064869199465084
V3033,0.0005524394195513686
V3034,0.0004804145944609515
V3035,0.0012739349286749139
V3036,0.00021686374621593692
V3037,0.00044336386420044423
V3038,0.00013186869929886967
V3039,0.0001226342398387598
V3040,1.0477644081322635e-05
V3041,0.0
V3042,4.0855916535709896e-06
V3043,0.00011437430237810853
V3044,4.303710061922928e-06
V3045,9.871007256813395e-06
V3046,5.4424079589371344e-06
V3047,1.062822205289202e-05
V3048,1.0056795873285481e-05
V3049,0.0002552532570821052
V3050,4.288464360538625e-06
V3051,0.00011365514052645166
V3052,0.00010691048344014849
V3053,0.00014193024940711794
V3054,6.208479539492246e-06
V3055,0.0
V3056,1.8549215362457602e-05
V3057,0.00012808414910382782
V3058,0.00010446913575119646
V3059,0.00022663284066920476
V3060,0.0002995498133690024
V3061,0.00019029185054000327
V3062,0.00010522416774734203
V3063,7.741488327166497e-05
V3064,0.0
V3065,0.0002156847470032125
V3066,0.0002339021981493078
V3067,1.4426665131258993e-05
V3068,0.0002180475081484748
V3069,0.0001581553081502232
V3070,0.00010461687758724494
V3071,0.00035375433059601786
V3072,0.00010057564517389808
V3073,1.440399449028409e-05
V3074,0.00011997537427272711
V3075,0.00020669742269538636
V3076,0.00032972214954285863
V3077,0.00011031739249287874
V3078,0.0002491585991332453
V3079,0.00021603661201677929
V3080,0.00014026005141676696
V3081,4.873773830206052e-06
V3082,1.8609135381458642e-06
V3083,5.644203688920297e-07
V3084,8.427949669858085e-06
V3085,5.409317779061755e-06
V3086,8.635944247778105e-06
V3087,9.615074177753619e-06
V3088,2.755859518058024e-06
V3089,1.2484699683389712e-05
V3090,1.1733889914159512e-05
V3091,2.2803900108154956e-06
V3092,2.947114745308655e-06
V3097,0.0001284752121311173
V3098,0.00022841424977742427
V3099,0.0004002569880474588
V3100,0.0
V3101,9.40082660881333e-05
V3102,0.0006094506946225826
V3103,0.000480763548557378
V3104,0.0
V3105,8.478552911499889e-06
V3106,0.00010367584992919884
V3107,6.478276083052243e-06
V3108,0.0
V3109,0.0
V3110,0.0
V3111,0.0
V3112,7.547641291595198e-05
V3113,0.0
V3114,0.0
V3116,0.00010526639105446667
V3117,0.0
V3118,0.0
V3119,0.0
V3120,0.0
V3121,0.0
V3122,0.00011432205725357479
V3123,0.0
V3143,0.0
V3144,0.0
V3145,0.0
V3146,0.0
V3149,0.0
V3150,0.00022791902471661462
V3151,0.0
V3152,0.0
V3153,0.00022488169343531795
V3154,8.824606698004038e-05
V3155,9.8970966756292e-05
V3156,0.0
V3157,9.53180386906847e-05
V3158,0.00012666611057328837
V3159,0.00010438022402716365
V3160,0.0004087383910140556
V3161,0.0
V3162,8.602162855471152e-05
V3163,0.0
V3164,0.0
V3173,0.00023372732092342922
V3174,0.0002525015077559833
V3175,0.0003255095554957751
V3176,0.002961754893777923
V3177,0.00036382620949777995
V3179,0.00015869530143177495
V3180,3.488768330648816e-05
V3181,5.174441970966579e-05
V3182,8.872005236779584e-06
V3183,7.40752548143722e-05
V3184,0.0002435525433971054
V3185,0.00024279931820454708
V3186,1.205583777713262e-05
V3187,0.0011307087009094544
V3188,0.00047228274117156095
V3189,0.00034162382564223047
V3190,0.002825302980914678
V3191,0.0019874603571650453
V3192,3.0972242603890067e-06
V3193,1.685273598249482e-05
V3194,1.5484502262932355e-05
V3195,9.679218442127846e-05
V3196,0.0
V3197,0.0
V3198,3.465994066065503e-05
V3199,0.0
V3200,0.0
V3201,0.0
V3202,9.425235692941665e-05
V3203,0.0
V3204,0.0
V3205,2.2649093327983236e-06
V3210,0.00013017011360119695
V3211,0.0
V3212,9.457009701790555e-05
V3213,5.4250509344899805e-05
V3214,8.284023855720319e-06
V3215,1.6260389505887112e-06
V3216,1.492599434550097e-05
V3217,1.343060875023302e-05
V3218,2.0092941609111127e-05
V3219,1.2266161691686484e-06
V3220,1.5423907251407715e-06
V3221,4.2297549152490915e-05
V3222,5.8514476496957655e-06
V3223,3.572920017896267e-05
V3224,0.00016893345693347399
V3225,0.00015049071551095038
V3226,9.273740410789395e-05
V3227,0.00021300684785829024
V3228,0.00023710921258900166
V3229,0.00022307996393099795
V3230,0.00021674787760975602
V3231,0.00035426563397597717
V3232,0.00016822560982053276
V3233,0.00021536130466446836
V3234,0.0002447651073333049
V3235,0.0001343700015191461
V3236,0.00029566011773916705
V3237,9.248691181143047e-05
V3238,0.0001417681330114769
V3239,0.0010626550182190548
V3240,5.794689379342436e-05
V3241,3.3125674549586895e-05
V3242,0.00015123614482494852
V3243,0.000348895469487421
V3244,0.0004290041478823828
V3245,0.0001614835359594981
V3246,0.0002207060882852426
V3247,0.0001312979827928455
V3248,0.000145795987699796
V3249,0.00012290473356002182
V3250,1.1014836914490013e-06
V3251,9.321515190181777e-06
V3252,7.4047385121626925e-06
V3253,9.272598285047906e-06
V3254,6.6296143501415474e-06
V3255,5.607842003426939e-07
V3256,3.039259561502024e-06
V3257,4.668992026331092e-06
V3258,6.778462037439195e-06
V3259,3.9879122626229036e-07
V3260,3.306604957588865e-06
V3261,4.508162619760582e-06
V3262,1.3766738418633078e-06
V3263,7.254998882716654e-06
V3264,2.440064005074608e-05
V3265,6.917948465576055e-06
V3266,2.143573955848406e-06
V3267,2.329518972984366e-06
V3268,4.723245350334561e-06
V3269,3.3007612219053826e-06
V3270,8.666314976146026e-06
V3271,2.1476331207986757e-06
V3272,1.961385181933576e-05
V3273,8.023231123788738e-06
V3274,2.9220989996486744e-05
V3275,2.7239706389048808e-05
V3276,0.00011363755075810045
V3277,4.685663245649136e-06
V3282,0.0
V3283,0.0
V3300,2.750061092292875e-06
V3301,0.0
V3302,1.723373579893429e-05
V3303,2.6167181916891438e-06
V3304,6.747945573838695e-06
V3305,1.2507615444652522e-05
V3306,1.0476893643469277e-05
V3307,8.753516029934696e-06
V3308,7.941799098771874e-05
V3309,0.00016427171891935882
V3310,0.0
V3312,9.741458374998043e-05
V3313,3.364551241621943e-05
V3314,0.0
V3315,7.209026730752661e-06
V3316,0.0
V3317,7.510693824640052e-05
V3322,7.241255850181207e-05
V3323,1.603419026416237e-05
V3324,0.0009864733838507761
V3325,0.0
V3326,3.280559101317638e-06
V3327,2.9383868525191578e-06
V3328,6.734882926326911e-06
V3329,1.3196160384668613e-05
V3330,6.060460466412527e-06
V3331,0.00012743180969349344
V3332,1.5745299251743847e-05
V3333,4.708824860818095e-06
V3334,9.419394033455054e-06
V3335,8.319328329356945e-06
V3336,0.0
V3337,6.797928409491668e-06
V3338,5.801516580035088e-06
V3339,3.6730430118862917e-06
V3340,1.8688005972198147e-06
V3341,9.524664178561203e-06
V3342,1.392563532654492e-05
V3343,6.0224928654650985e-05
V3344,0.00023427919288068728
V3345,0.00012006733233495913
V3346,0.00013196436199632147
V3347,0.0001626802628855687
V3348,3.637797117923379e-05
V3349,0.00010531188051509424
V3350,1.1376761713869411e-05
V3351,0.00022991046970583065
V3352,5.694869334088239e-05
V3353,0.00032858721851168805
V3354,2.3481740930558697e-07
V3355,1.7585210158528555e-05
V3356,0.0001639921554148795
V3357,8.584206310736171e-05
V3358,7.559227575851916e-05
V3359,0.00014302339452044866
V3360,0.00017797469523462745
V3361,0.00010537104650437734
V3362,0.000301799712875716
V3363,0.00019637554629473248
V3364,0.00022388839920310386
V3365,0.0004957413871987687
V3366,9.371356980188323e-06
V3368,0.0
V3369,0.0
V3370,0.0
V3371,0.0
V3376,0.0
V3377,0.0
V3378,0.00012641706523104065
V3379,0.0
V3380,0.0
V3381,0.0
V3382,0.0
V3383,0.00010016312395562271
V3384,0.0
V3430,0.003874601477056772
V3431,0.0032948050835840794
V3432,0.0002814803546792278
V3433,8.749958557455906e-06
V3434,0.0001337417944264014
V3435,6.319467955428704e-06
V3436,7.945796384553693e-06
V3437,0.0
V3438,5.307070809166362e-06
V3439,1.3837620119796006e-05
V3440,1.8298615979213918e-05
V3441,4.172539081425467e-06
V3442,1.6733288317691455e-05
V3444,6.283413001194056e-06
V3445,1.9801450559593823e-07
V3452,0.0
V3453,0.0
V3456,0.0
V3457,0.0
V3458,0.0
V3459,0.0
V3460,0.0
V3461,0.0011312522026912179
V3477,0.00015593690950554905
V3478,9.345294040484264e-06
V3479,0.0
V3480,0.00029732699592039183
V3481,0.0005708827129911549
V3482,0.00023840088207248395
V3483,0.0002340252972203862
V3484,0.00020448148806205156
V3485,0.0005473642930691271
V3486,0.0003773712390072072
V3487,0.0007971250311954178
V3488,0.0004596369017489215
V3489,0.00016808954315757668
V3490,0.0005503660664586348
V3491,0.0001660983314188519
V3492,0.00024946338571418336
V3493,0.00012736285430429314
V3494,0.0009659455901244764
V3495,0.0008714826191101535
V3496,0.000633598677373596
V3497,0.001064424956641468
V3498,4.049875850557626e-06
V3499,1.6826709801965031e-06
V3500,2.1563123985868068e-07
V3501,1.7449788185009218e-06
V3502,2.3868643502566055e-05
V3503,0.0
V3504,0.0
V3505,4.727710367700145e-06
V3506,8.553869323935726e-06
V3507,1.7519300584024622e-07
V3508,1.2659582916504991e-05
V3509,5.51085130289472e-06
V3510,5.786178312965652e-06
V3511,2.1280649468043672e-05
V3512,1.8327452043206027e-06
V3513,2.6896081971901034e-06
V3514,3.0386794748964342e-05
V3515,2.5109924279431936e-06
V3535,0.00016169394679667036
V3536,0.0001645467411700261
V3537,0.00028549828452392625
V3538,8.075681853082077e-05
V3539,0.0002778206143280023
V3540,1.3358453982652847e-05
V3541,1.606774310920011e-06
V3542,0.00013579354985431924
V3543,0.0
V3544,0.00011626450214703719
V3547,9.399815089998847e-06
V3548,0.0
V3559,0.0
V3560,0.0
V3561,0.0
V3562,0.0
V3563,5.291880587069337e-06
V3564,6.938411190110623e-06
V3565,1.0843661499418057e-05
V3566,0.0
V3571,0.0
V3574,0.0
V3575,0.0
V3576,0.0023013099207781257
V3577,0.0021555960658222123
V3579,0.0017432665693027864
V3580,0.0
V3581,0.0
V3582,0.0017389367195217815
V3583,0.001962407432266632
V3587,0.0
V3588,0.0015631798859737493
V3589,0.0016794032279944249
V3590,4.624254525570947e-06
V3591,0.0
V3592,2.0497644110873864e-05
V3593,0.0
V3594,1.1596612851406656e-05
V3595,7.30621355385742e-06
V3596,6.441006413470418e-06
V3597,0.0
V3598,1.0318928582741448e-05
V3599,1.8421057392089671e-06
V3600,0.0
V3601,1.942665261673703e-06
V3604,3.485586479456396e-06
V3605,0.0
V3606,1.3770752604469116e-05
V3607,0.0
V3608,9.855024888898435e-06
V3609,1.1072979080639315e-05
V3610,1.078673821256255e-05
V3611,6.214414690104459e-06
V3612,1.0389483980747694e-06
V3613,4.953842378622373e-06
V3614,0.00015354816438833713
V3615,0.0005119976711309798
V3616,0.0006598966570121567
V3617,8.452903087763948e-06
V3618,2.1066189198781507e-05
V3619,1.1224488524721588e-05
V3620,1.5028170264197886e-05
V3621,2.0929238131676137e-05
V3622,6.56154482000737e-06
V3623,0.00015162771354169276
V3624,5.720233171986516e-06
V3625,4.19650419884441e-06
V3628,2.1996260590954717e-07
V3629,4.399752620776397e-06
V3632,0.000200257795742828
V3633,0.0
V3636,0.0
V3637,0.0
V3640,0.0
V3641,1.0022617291925363e-05
V3643,0.00012148082312856555
V3644,0.0
V3646,0.0
V3648,0.0
V3649,3.307184358775978e-06
V3650,0.0
V3651,0.0
V3653,0.0
V3654,0.0
V3655,0.0
V3656,0.0
V3659,6.122388086904574e-06
V3660,1.473313334449159e-05
V3661,0.00021372464783954876
V3662,7.649250078362651e-06
V3663,5.763171614566205e-06
V3664,1.0162602810112357e-05
V3665,0.0009646899994473157
V3666,2.914557097616262e-05
V3667,1.3413570904947718e-05
V3668,5.093403988287642e-06
V3669,0.0
V3670,0.0
V3671,2.1906246451947728e-07
V3672,0.0
V3673,1.3384470824030827e-05
V3674,1.7345495470743775e-06
V3675,0.0
V3676,2.8576713582241857e-06
V3677,6.399001829734007e-06
V3678,3.900975227443536e-06
V3679,4.598898042069089e-07
V3680,1.6365734662392271e-06
V3681,1.927231029247392e-05
V3682,6.520870426591979e-06
V3683,6.935141988330911e-06
V3684,1.2244974919671907e-05
V3685,7.5208610913599355e-06
V3689,0.0016136715758048176
V3690,7.06490240724311e-05
V3691,8.194929966302618e-05
V3716,0.0022360232814425886
V3717,0.0037309165248157025
V3718,0.0
V3719,0.00025496917033167494
V3720,3.619005038480803e-05
V3721,4.69196599873824e-05
V3723,3.5735442873958113e-06
V3724,8.737481290352722e-06
V3801,9.867176096528607e-05
V3802,0.00012279299131693705
V3809,3.661718076457308e-05
V3810,1.4145086834087637e-05
V3811,1.5871791016417665e-05
V3812,0.00023453417189573788
V3813,0.00010956799105696149
V3814,0.002365607450480154
V3815,0.0
V3816,1.4241776048352968e-05
V3817,5.895157831041138e-06
V3819,0.0001034250419411563
V3820,6.644995466179891e-05
V3821,1.7308930401809304e-05
V3822,1.1367780596898694e-05
V3823,5.020491761756642e-06
V3824,3.570974781424951e-06
V3825,1.1387536763061281e-05
V3826,1.9533662944740092e-07
V3827,2.05513904328008e-06
V3829,0.0
V3830,0.0
V3831,0.0
V3832,0.0
V3839,0.00010217319195621381
V3840,7.785846762676251e-05
V3841,0.0007371885939871556
V3842,0.0007348388863688567
V3852,7.651924101950205e-06
V3853,6.5332422385496885e-06
V3854,1.7774836767582954e-05
V3856,6.80303284058664e-05
V3866,0.0001389819637691916
V3867,7.941757747187827e-05
V3868,0.00021134266043783975
V3869,0.00014939722249206135
V3870,5.1332427628773764e-05
V3871,0.0
V3872,5.3221130967089276e-05
V3873,0.00012532942342413525
V3874,2.222146693030557e-05
V3875,4.593946005552589e-05
V3876,7.783202744870345e-05
V3877,0.00029043819106031255
V3878,0.00016290914530559835
V3879,3.482092323919329e-05
V3880,9.31762522169351e-05
V3881,0.0002797280134726724
V3882,9.864094109327735e-05
V3883,0.00015052072293825038
V3884,0.00015926071759911925
V3885,0.0002241257570996366
V3886,2.6693473324869953e-05
V3888,2.275578117023719e-05
V3889,0.0002475686277377524
V3890,0.0001577588726562749
V3891,0.000110839101748655
V3894,9.211353147370358e-06
V3895,4.921647801628804e-06
V3896,4.981913631587205e-06
V3897,3.186685149193308e-06
V3898,0.0
V3899,6.916657363884377e-07
V3900,0.0
V3901,1.715890208540526e-07
V3902,0.0
V3903,2.0941991084238097e-05
V3904,0.0
V3905,0.00017300789224883103
V3906,6.275553675449898e-06
V3907,9.440413001498748e-06
V3908,0.0
V3909,0.0
V3910,0.0
V3911,0.0
V3914,0.0
V3921,0.0
V3922,0.0
V3923,0.0
V3958,0.0
V3964,0.0
V3967,0.0
V3968,0.0
V3971,0.0
V3975,0.0
V3976,9.27246545558673e-06
V3977,2.180523209065789e-06
V3978,8.907516038529692e-06
V3979,3.414445676172638e-06
V4021,8.489490020336505e-06
V4022,7.889953316803782e-06
V4023,6.1660128848406985e-06
V4024,2.756159373597836e-06
V4025,1.7592879853736462e-05
V4026,2.868791130884311e-07
V4027,1.1398445710551181e-05
V4028,5.98070931204327e-06
V4029,9.800721011351279e-07
V4030,1.7958829919291833e-06
V4031,4.722996393521051e-06
V4032,4.539953762047285e-06
V4033,6.374131554943625e-07
V4034,0.0004453852390445223
V4035,0.00033550237945900144
V4036,0.00040183581729087844
V4037,0.00013667348582988543
V4038,0.0005539576935173541
V4039,0.00022753885734098293
V4040,0.000286533149126076
V4041,6.0752753491558966e-05
V4042,0.0001226147948602395
V4043,0.0001929364000055918
V4044,0.0017407108301681921
V4049,0.0
V4051,0.0
V4053,0.0
V4055,0.0
V4057,0.0001000176572653867
V4059,0.0
V4060,0.0
V4061,0.0
V4062,0.00048602511901994354
V4063,0.00021791971256908207
V4064,0.0002529329990807153
V4065,0.0003154124464196263
V4066,0.00039400510422679696
V4067,0.00047857218537195186
V4068,0.001257561962050009
V4069,0.0003892280873458571
V4070,0.0017306337177908034
V4071,0.000860023947073089
V4072,0.002142220468912364
V4073,0.0012039575179704112
V4074,0.0013520303209953821
V4075,0.00042529687372084413
V4076,0.0007832135672576017
V4077,0.0006495963173298771
V4078,0.00023586243631139471
V4079,0.0006454195136688905
V4080,0.0
V4084,0.0
V4086,0.0
V4087,0.0
V4094,3.6869002357494407e-06
V4095,0.0
V4096,8.92924594922343e-06
V4097,6.2131367956706515e-06
V4098,5.098766757491143e-06
V4127,0.0
V4128,0.0
V4129,0.0
V4130,0.00010755006147437248
V4132,0.0
V4133,0.0
V4134,0.0
V4135,0.0
V4137,0.0
V4141,0.0
V4143,0.00012042435717724794
V4144,1.8680881444520546e-06
V4145,0.000589742501894019
V4146,1.3595951084268519e-05
V4147,0.00016424381963658612
V4149,0.0
V4150,0.0
V4151,0.00012063551503372082
V4153,0.0
V4155,0.0
V4156,0.0
V4157,0.0
V4158,0.00012863239454327812
V4159,0.0
V4167,0.0
V4168,0.0
V4169,0.0
V4170,0.00011561568365880135
V4171,0.0
V4172,0.0
V4173,0.0001529210840379817
V4174,2.1405817260256688e-05
V4175,1.0960739993027226e-05
V4176,6.136231178310134e-06
V4189,4.4681609120492545e-06
V4190,5.9341315986137695e-06
V4249,0.0
V4250,0.0
V4251,0.0
V4252,0.0
V4253,0.0
V4254,0.0
V4255,0.0
V4256,0.0
V4257,0.0
V4258,0.0
V4259,0.0
V4260,7.425222596249795e-05
V4261,4.064928835737836e-06
V4263,0.0
V4264,0.0
V4302,1.1192720054803716e-05
V4303,7.045853585182194e-06
V4304,1.1681301012859792e-05
V4305,0.00015009872496929901
V4306,2.5706146788610124e-05
V4307,9.671486837083977e-06
V4308,0.00010856692086107377
V4309,0.00010740041450414091
V4310,0.0
V4311,0.0006501454383629022
V4312,0.0010256359019332353
V4313,0.0010840167912809836
V4314,0.000569086188780226
V4315,0.000681994549771752
V4316,0.0003171606685481577
V4319,0.0008751718807199069
V4320,0.0011082851922506515
V4321,0.0013976017004519426
V4322,0.00031277195532834805
V4323,0.0006573060850030153
V4324,0.00047852828979861917
V4327,0.0015932618223596573
V4328,0.00046088642143633167
V4329,0.0
V4330,0.0
V4331,0.0
V4332,0.0
V4333,0.0
V4334,0.0
V4335,4.663159434498054e-06
V4336,3.1929053388233673e-06
V4338,9.085459981212621e-06
V4339,7.116344792948575e-06
V4340,1.1395898786925543e-05
V4342,1.9269151611529055e-06
V4343,4.317987563671021e-06
V4345,0.0004841813973823806
V4346,0.001122828727546458
V4347,0.0066631485940716675
V4348,0.006601785708335032
V4349,0.007581380965938753
V4350,0.006703052078845624
V4351,0.0013336602519929356
V4352,0.0005349643386526973
V4353,0.0007739306770598041
V4354,0.00039961769418864467
V4355,0.0007274799381008244
V4356,0.0005566871417646642
V4357,0.0003618234797665437
V4358,0.00021959229318293147
V4359,3.603070483115272e-06
V4361,2.6730021851595834e-06
V4363,0.0014667211325812676
V4364,0.0009947206255963557
V4365,0.00060799651165026
V4366,0.00037751346201779355
V4367,0.00027795818877323426
V4368,0.0006419199538293724
V4369,0.0007338940280005544
V4370,0.0009576258869346347
V4371,0.0005996757862258109
V4372,0.00022525398239114355
V4373,0.003119631118335564
V4374,0.0014251671390459314
V4375,0.0010188212142199097
V4376,0.0012905809814162663
V4413,1.0080798668701266e-05
V4414,4.5978644536005855e-06
V4416,7.66393099213545e-06
V4417,0.005055704762087372
V4418,0.00478918713731947
V4419,0.00018105303655658296
V4420,5.270463711773435e-06
V4421,0.004148105168441647
V4422,0.0037287899764075604
V4424,0.00020920948880531818
V4425,1.1888478576063389e-05
V4426,2.4967964846327915e-06
V4427,1.186924302533293e-05
V4428,9.223059036527529e-05
V4429,1.6470102601868702e-05
V4430,0.0001560791150898835
V4431,0.0001499551158053864
V4432,3.842178021973689e-05
V4433,0.00013100640114398126
V4434,0.005317285509870248
V4435,0.00525849173517814
V4436,0.00015997295905117035
V4437,1.0414343921262971e-05
V4438,0.006258521042084774
V4439,0.005386920378282479
V4440,0.004639709194371511
V4441,0.005707177537890411
V4442,0.0043449982175959145
V4443,0.004000544060007752
V4444,1.0586263122153187e-05
V4445,0.00010150389038810913
V4446,0.0001005128303966571
V4447,1.5124396239305064e-05
V4448,0.00012950214371611177
V4449,4.043161050744369e-06
V4450,4.728622817794443e-06
V4451,0.0
V4452,7.39948720088857e-06
V4454,0.0002401435109641569
V4455,4.288132573904088e-06
V4456,0.003830911553219117
V4457,0.003072586004201964
V4458,0.002975256898167567
V4460,0.0001398359282705293
V4461,0.0006977270001570149
V4462,0.0026075980453501148
V4463,0.0018867649942990398
V4464,0.0
V4465,1.0311278747738885e-05
V4466,9.539378162945954e-06
V4467,8.100085203527451e-06
V4468,0.00011232814187614767
V4469,0.0009376550957932583
V4470,0.0006787039723856089
V4471,0.0002803027593656646
V4472,0.00039129215344190865
V4473,0.0006635649733186767
V4474,0.0004146660024702544
V4475,0.00011369280999249804
V4476,0.00038156316604156994
V4477,0.000522557565666488
V4478,0.0007787810373575868
V4479,4.630927903088554e-06
V4480,2.0306221243535236e-05
V4481,0.0
V4482,0.00011288713089664311
V4483,0.00044263088241198523
V4484,0.0
V4485,0.0
V4486,0.0
V4487,0.0006209775896415699
V4488,0.00020970258786819694
V4489,6.199463766187288e-05
V4490,8.100446220745585e-06
V4491,0.00012059905943151228
V4492,1.9313365311329953e-05
V4493,1.2273417625311075e-05
V4494,0.000915926106858951
V4495,0.0003702275042551207
V4496,7.66898647721094e-05
V4497,7.639906032061763e-06
V4498,0.0
V4499,1.7083239754421322e-05
V4501,0.001830442839953275
V4504,0.0
V4505,0.005731578466301878
V4506,0.00027369650418157835
V4507,1.1856563121208209e-05
V4508,9.013991253598929e-05
V4509,5.459753408056917e-05
V4511,8.717671191934158e-06
V4512,1.2141618217650418e-05
V4513,7.303085938971464e-06
V4514,0.001388878778280768
V4515,0.0006533185101786066
V4516,0.00022563379933216465
V4517,0.0
V4518,0.0
V4520,0.0
V4521,0.00012479283634914796
V4522,0.0
V4523,0.0
V4524,0.00011716686440055101
V4525,4.7253932314123835e-05
V4527,0.0
V4529,0.0
V4530,0.0008281519303660905
V4531,1.390091111120801e-05
V4532,1.3115306719480793e-05
V4533,8.890209203413549e-06
V4534,3.802874584184952e-06
V4535,1.3000840853523078e-05
V4536,2.2344878774316767e-06
V4537,8.912816029543936e-06
V4538,3.3540051011230376e-06
V4539,0.0
V4540,7.814156716980759e-06
V4541,1.2474326608808183e-05
V4542,1.3637604015219399e-05
V4543,0.0
V4544,1.5149798268090762e-05
V4545,1.8659256913149902e-05
V4546,0.0
V4547,1.287444739944521e-05
V4548,1.575244523751347e-05
V4549,1.6296828890348243e-05
V4550,6.961355604284833e-05
V4551,8.12222933844309e-06
V4552,2.2784209574947176e-05
V4553,2.7937129293274248e-05
V4554,8.646357862357462e-06
V4555,1.969159858518071e-06
V4556,6.441464383181595e-06
V4557,2.27380777150514e-05
V4558,1.262125979327437e-05
V4559,1.1216038532295268e-05
V4560,4.095296106858363e-06
V4561,9.39177119100484e-06
V4562,6.8171889643585346e-06
V4563,7.239764937332093e-06
V4564,6.94095100997675e-05
V4565,6.362618150303363e-06
V4566,2.881890040481431e-06
V4567,4.334840884629482e-06
V4568,2.222860455716631e-06
V4569,1.994207306007006e-05
V4570,2.0213332093133324e-06
V4571,1.1376350789554113e-05
V4572,2.109634700831393e-06
V4573,1.1263972867343668e-05
V4574,1.8615769829050378e-05
V4575,1.7223594979101114e-06
V4576,3.476787681132359e-05
V4577,2.3799505508329687e-07
V4578,2.5791428216072606e-06
V4579,0.0
V4580,2.2239644738828063e-05
V4581,1.6816667999622342e-05
V4582,6.534131160302676e-06
V4583,1.0934493239494058e-07
V4584,1.1382986689910973e-05
V4585,1.769291915123364e-05
V4586,8.93739627327811e-06
V4587,5.7756057897881e-06
V4588,7.792098716753014e-06
V4589,5.226911925604081e-06
V4590,2.3776354798544684e-05
V4591,8.233576358426589e-06
V4592,1.662231434475562e-05
V4593,1.6849089294716166e-06
V4594,1.0997631715079498e-05
V4595,1.3377256454303781e-05
V4596,1.5721857144797475e-05
V4597,2.489800412635709e-06
V4598,6.515893225621445e-06
V4599,1.1132156179861578e-05
V4600,1.3567346368032032e-05
V4601,4.546826137364482e-06
V4602,9.442707753635535e-06
V4603,1.3588349203466386e-05
V4604,6.7317407725214745e-06
V4605,2.249893308376129e-05
V4606,8.731090627506356e-06
V4607,7.365067404414587e-07
V4608,2.588236180907237e-07
V4609,7.668873100341664e-06
V4610,1.4975999419371061e-05
V4611,0.0001007598628174882
V4612,4.542187271384937e-06
V4613,3.750352404309953e-05
V4614,1.5357593565552397e-05
V4615,0.00010853314532085335
V4616,1.4034477522041711e-05
V4617,0.0007460375373567735
V4619,7.760569135952081e-06
V4620,0.0001039331202154431
V4621,2.2041549691058694e-06
V4622,1.2142155420358676e-05
V4623,5.761177200235615e-06
V4624,1.3674879974855753e-05
V4625,1.7656711683204974e-05
V4626,0.00011311036424642464
V4627,1.342332743632077e-05
V4628,0.00011467000944337453
V4629,4.270385854636668e-06
V4630,0.00010683441914858848
V4631,2.2448944570742433e-06
V4632,1.5780236328377733e-05
V4633,6.42454036737746e-06
V4634,2.0935603662641845e-05
V4635,3.018733727912766e-06
V4636,0.0
V4637,7.148989089856868e-05
V4638,2.2017151141707798e-05
V4639,3.0309352772250063e-06
V4640,4.815125993114334e-06
V4641,1.7840505003507973e-05
V4642,4.514157022992112e-06
V4643,3.5707389346157733e-05
V4644,1.0054474267644806e-05
V4645,0.0
V4646,6.1122054649339e-05
V4647,1.0354509374636147e-05
V4648,5.720148650266601e-06
V4649,2.351200427834604e-05
V4650,8.466613242417635e-06
V4651,6.583495546841639e-06
V4652,1.7369925431233005e-07
V4653,2.8948057055723154e-05
V4654,4.2567538218324095e-06
V4655,2.7157938655425584e-05
V4656,0.0
V4657,1.876442147178789e-05
V4658,1.7148602815978676e-05
V4659,3.201584829887497e-05
V4660,4.537384547858546e-06
V4661,5.309734390275097e-06
V4662,2.171035425812187e-06
V4663,6.55354359919247e-06
V4664,1.6840834455888917e-05
V4665,6.037745446354001e-06
V4666,1.7445627530075507e-05
V4667,5.736072580443825e-06
V4668,1.9737119264265975e-05
V4669,8.367515995339558e-06
V4670,6.447481286317157e-05
V4671,6.030081194686105e-06
V4672,1.8054011714570652e-05
V4673,1.0001668688124872e-06
V4674,1.0125464847166265e-05
V4675,1.92666943112364e-05
V4676,5.719069236406409e-06
V4677,8.564601297469686e-05
V4678,1.4652195527158415e-05
V4679,6.624561417426059e-06
V4680,2.0648139672799354e-05
V4681,6.505219207595963e-06
V4682,9.841390618312692e-06
V4683,6.789665546674623e-06
V4684,3.13131095094763e-06
V4685,2.247305547678446e-06
V4686,7.85011419216506e-06
V4687,2.7290274493143636e-06
V4688,2.0267707060612595e-07
V4689,8.990363086312144e-05
V4690,1.1685197181687906e-05
V4691,1.139738944798535e-05
V4693,2.5494434377793334e-05
V4694,0.0
V4696,0.0
V4697,3.0732368667518084e-06
V4698,1.1876779607379378e-05
V4699,0.00022867118166313937
V4700,5.863369268990876e-06
V4701,6.96259893404961e-06
V4702,0.00011074782003121393
V4703,0.0
V4704,0.00011162129486675523
V4705,4.997079436986898e-07
V4706,9.02285572001463e-06
V4707,7.194294758390452e-06
V4708,1.1044969481702784e-05
V4709,1.2148709913638987e-05
V4711,0.00010415840851756066
V4712,0.0007199987676930635
V4714,0.0001485048129307071
V4715,2.347068414254696e-06
V4716,0.005360288403216742
V4717,0.005398465127273349
V4718,4.640897557428152e-06
V4719,0.004387561332654516
V4720,0.004899733309083681
V4721,1.9912110355878473e-05
V4722,0.005681883535050027
V4723,0.005484711536432152
V4724,0.005738267748546437
V4725,0.004945015406743392
V4726,0.00018771731440973455
V4727,0.00034545552215963117
V4728,0.0
V4729,0.0
V4730,0.00018992071650701344
V4731,0.0005083025126000429
V4732,6.3307793572044585e-06
V4733,0.0
V4734,9.901381194541714e-06
V4735,6.114572501541425e-06
V4736,0.00026443503048903907
V4737,2.202593711842438e-05
V4738,0.0009873976819966138
V4739,0.0006568703941848997
V4740,0.00010639170537744639
V4741,0.00011551054713400893
V4742,1.0941081474164872e-05
V4743,0.0
V4744,1.1172620938384853e-05
V4745,1.1513305148834291e-05
V4746,0.0
V4747,0.0
V4748,2.079911507528599e-05
V4749,0.00012299845659521764
V4750,0.0
V4751,0.0
V4752,0.0
V4753,0.0
V4754,0.0
V4755,0.0
V4756,0.0
V4757,0.0001028260476057212
V4758,0.0
V4763,9.132309839420629e-06
V4764,1.4178996938090343e-05
V4765,0.00012119037784785416
V4766,1.4263863826659057e-05
V4767,3.5017098447824755e-06
V4775,0.0
V4795,1.3159272692821186e-06
V4796,1.3439850776860823e-05
V4797,5.533306718904193e-06
V4798,1.3122243364157857e-05
V4799,4.1993580288384734e-06
V4800,2.9476333958923854e-07
V4801,1.2448201005942671e-05
V4803,0.00010854488039156631
V4804,6.500433229559309e-05
V4805,2.075949313182835e-06
V4806,1.0852752701739215e-05
V4807,3.1404389192567648e-06
V4808,0.00011319511782797047
V4811,6.119251750295811e-06
V4812,3.805933381755173e-05
V4813,1.3272668433428017e-06
V4814,8.542892062068088e-06
V4815,4.668713103897918e-06
V4816,1.723629192809854e-06
V4817,5.375972256417922e-06
V4818,2.738311318026655e-06
V4819,0.0
V4820,2.1085163313083674e-05
V4821,0.000189380339518525
V4822,1.3019590332017647e-06
V4823,8.153564592296652e-05
V4824,0.001133150682803619
V4825,1.9765161420740745e-05
V4826,8.322917527436265e-06
V4827,2.633230927772241e-07
V4828,5.610472843142959e-06
V4833,8.436599155397908e-06
V4834,2.0167357718439887e-07
V4835,4.36546730176958e-06
V4836,1.8703634858592854e-05
V4837,1.226157289428597e-05
V4838,0.00010185552237276999
V4839,4.593707936354813e-06
V4840,1.0514678412491817e-05
V4841,4.597991590005939e-06
V4842,1.9478152963101823e-05
V4843,5.557860009043507e-06
V4846,1.200929273378029e-05
V4847,1.3219602313690365e-05
V4848,2.379037289190249e-05
V4849,2.6110000956417694e-06
V4850,2.855711220476421e-07
V4851,1.0099459771643503e-05
V4852,2.5437572639767672e-06
V4853,0.0010074676542999523
V4854,0.00011482291981099043
V4855,1.5494552661277258e-05
V4856,7.960141211833371e-06
V4857,0.00025193507998788216
V4858,0.0
V4859,0.0
V4875,2.190322235303482e-05
V4876,1.0899103791480736e-05
V4877,2.5960415771033145e-06
V4878,1.0369661005606494e-05
V4879,2.3741533282933493e-06
V4880,1.3212254070796894e-05
V4881,1.7275318370523142e-06
V4882,1.0035727014985624e-05
V4883,9.085197259448842e-06
V4884,0.00010725074759784354
V4885,7.605003899535429e-06
V4886,7.1571676847614605e-06
V4887,0.0002669383454289729
V4888,9.323051074106102e-05
V4889,1.5811522373093096e-05
V4890,9.394519357813493e-06
V4891,0.00010973149855069908
V4892,4.4896379682717476e-07
V4893,1.1631567286799586e-05
V4894,9.200862580714806e-06
V4895,5.770649163928752e-06
V4907,0.00011358626394084376
V4916,0.0
V4918,0.0
V4919,1.1334702662693967e-05
V4920,1.0983738476297728e-05
V4921,2.373356705498339e-05
V4922,5.426952577355592e-06
V4923,4.887912629796051e-06
V4924,0.00011325205071954885
V4925,0.0
V4926,2.3444015807485313e-05
V4927,6.654909199825462e-06
V4928,1.8199227584114446e-05
V4959,9.233495025077625e-06
V4960,6.657514247707002e-06
V4961,1.4968067210914227e-05
V4962,7.455336299655059e-08
V4968,9.396636861536678e-06
V4969,3.6402943662167547e-06
V4970,1.1179047585832407e-05
V4971,1.455569632438588e-05
V4976,1.9852439490393702e-05
V4977,2.0584702749485884e-05
V4978,1.905213908973802e-07
V4979,1.765829783105535e-05
V4984,1.9984989543655916e-05
V4985,9.634445383356924e-06
V4986,2.2124769643617044e-07
V4987,8.712269015742978e-06
V4988,9.436019864730562e-06
V4989,6.828738686007627e-06
V4990,2.192447686387371e-05
V4991,8.720663133671814e-06
V4992,1.793738802607583e-05
V4993,3.051248565559055e-06
V4994,3.3412195511885078e-06
V4995,4.301848263881749e-06
V4996,1.4110312836897975e-05
V4998,2.002869054997229e-06
V4999,5.191292276693487e-06
V5000,3.5498881126929265e-06
V5001,1.931898354281422e-06
V5002,5.532218658670773e-06
V5003,2.606359602475983e-06
V5004,1.961067246414987e-06
V5005,4.662077170061373e-06
V5006,4.8759385279508824e-06
V5007,7.975361184845305e-06
V5008,1.1913204951433137e-05
V5009,1.963392371025102e-07
V5010,0.0
V5011,1.8584208632767245e-05
V5012,2.3373979693645647e-06
V5013,5.67335907383358e-06
V5014,0.0
V5015,1.0665008509746898e-05
V5016,1.3793910487150269e-05
V5017,1.7361464470657012e-07
V5019,1.115067715805631e-05
V5020,7.666417851067753e-06
V5022,2.403092236118795e-06
V5023,4.378266013258486e-06
V5024,2.2807135947757975e-06
V5074,4.5405943284778485e-06
V5075,1.5944447140791744e-05
V5076,9.188028200676507e-06
V5077,8.229516855819207e-06
V5078,1.8594668818128852e-05
V5079,1.4821833533502487e-05
V5080,6.402066811186237e-06
V5084,8.926051107252347e-06
V5085,1.9021435442384196e-05
V5086,7.381090503832076e-07
V5087,5.669521669943192e-06
V5088,5.0341971690302994e-06
V5089,1.459191708479095e-05
V5090,9.262520096071425e-06
V5115,0.0
V5118,9.991229011455778e-06
V5119,5.2237838506337004e-05
